Date,Personal Consumption,Vehicles,Furnishings and Durables,Recreational Goods,Other Duables,Groceries,Clothing and Footwear,Gasoline and Energy,Other Nondurables,Housing and Utilities,Health Care,Transportation Services,Recreational Services,Food Services and Accomandations,Financial Services,Other Services,Donation
1959-01,17.124,32.602,46.513,218.924,28.77,17.622,53.149,10.368,16.918,13.608,6.119,13.239,14.425,11.211,15.059,12.216,54.163
1959-02,17.138,32.652,46.487,218.929,28.815,17.556,53.137,10.574,16.915,13.618,6.131,13.273,14.501,11.268,15.058,12.21,53.932
1959-03,17.149,32.738,46.529,218.742,28.804,17.522,53.169,10.569,16.93,13.629,6.141,13.336,14.61,11.288,15.036,12.224,54.313
1959-04,17.183,32.769,46.664,218.062,28.83,17.473,53.258,10.64,16.998,13.685,6.168,13.375,14.706,11.359,14.998,12.219,54.943
1959-05,17.191,32.875,46.728,217.828,28.824,17.434,53.316,10.581,17.035,13.696,6.199,13.389,14.729,11.424,14.98,12.204,55.036
1959-06,17.24,33.003,46.814,217.433,28.818,17.492,53.37,10.538,17.114,13.753,6.217,13.423,14.826,11.451,14.99,12.266,55.014
1959-07,17.275,33.048,46.787,217.555,28.833,17.523,53.383,10.486,17.178,13.774,6.23,13.461,14.916,11.508,15.02,12.334,55.714
1959-08,17.3,32.668,46.815,217.891,28.796,17.458,53.616,10.658,17.253,13.787,6.256,13.504,15.012,11.524,15.041,12.42,55.911
1959-09,17.345,32.79,46.804,217.989,28.824,17.538,53.663,10.591,17.334,13.799,6.298,13.527,15.052,11.56,15.097,12.473,56.171
1959-10,17.387,32.749,46.799,217.832,28.813,17.543,53.672,10.803,17.326,13.853,6.348,13.531,15.137,11.564,15.163,12.508,55.988
1959-11,17.398,32.821,46.804,217.905,28.759,17.467,53.657,10.82,17.347,13.863,6.392,13.565,15.191,11.616,15.221,12.549,55.734
1959-12,17.418,32.83,46.829,217.935,28.815,17.461,53.685,10.822,17.367,13.918,6.416,13.594,15.209,11.624,15.291,12.562,54.926
1960-01,17.41,32.596,46.882,218.368,28.825,17.434,53.623,10.743,17.386,13.922,6.383,13.636,15.244,11.676,15.434,12.575,54.19
1960-02,17.427,32.647,46.96,218.851,28.863,17.414,53.861,10.711,17.392,13.932,6.448,13.657,15.291,11.725,15.448,12.579,53.266
1960-03,17.437,32.347,47.057,219.414,28.892,17.504,53.908,10.612,17.417,13.932,6.503,13.653,15.297,11.725,15.474,12.587,52.458
1960-04,17.501,32.407,47.104,219.502,28.872,17.682,54.112,10.688,17.405,13.94,6.556,13.658,15.335,11.74,15.557,12.625,52.113
1960-05,17.519,32.371,47.114,219.84,28.888,17.683,54.085,10.653,17.406,13.988,6.63,13.66,15.326,11.736,15.622,12.656,51.432
1960-06,17.527,32.159,47.111,219.755,28.916,17.653,54.053,10.726,17.396,13.99,6.68,13.703,15.385,11.745,15.699,12.695,50.955
1960-07,17.559,32.133,47.157,219.933,28.914,17.651,54.142,10.843,17.399,14.029,6.715,13.729,15.413,11.782,15.77,12.709,50.622
1960-08,17.589,32.145,47.16,219.979,28.906,17.657,54.316,10.96,17.407,14.035,6.756,13.747,15.495,11.778,15.85,12.733,50.507
1960-09,17.6,31.793,47.226,220.083,28.896,17.667,54.4,10.944,17.419,14.052,6.794,13.78,15.504,11.785,15.906,12.776,50.474
1960-10,17.62,31.724,47.267,219.846,28.874,17.766,54.396,10.863,17.415,14.056,6.812,13.81,15.531,11.799,15.987,12.785,50.388
1960-11,17.68,32.228,47.213,219.706,28.906,17.833,54.322,11.025,17.433,14.106,6.838,13.858,15.531,11.792,16.043,12.801,50.341
1960-12,17.684,31.639,47.268,219.585,28.899,17.903,54.452,10.944,17.434,14.109,6.836,13.932,15.577,11.831,16.079,12.796,50.63
1961-01,17.686,31.83,47.244,219.414,28.963,17.879,54.356,10.99,17.453,14.112,6.825,13.933,15.643,11.846,16.028,12.776,50.785
1961-02,17.703,31.875,47.232,219.279,28.935,17.895,54.453,10.976,17.444,14.126,6.817,13.973,15.719,11.893,16.043,12.782,51.105
1961-03,17.693,31.94,47.269,219.018,28.829,17.869,54.441,10.841,17.449,14.129,6.804,14.03,15.72,11.892,16.049,12.787,51.429
1961-04,17.683,32.106,47.279,218.981,28.828,17.828,54.254,10.574,17.458,14.177,6.794,14.059,15.733,11.942,16.064,12.799,51.458
1961-05,17.693,32.273,47.314,218.945,28.841,17.746,54.357,10.662,17.458,14.185,6.795,14.135,15.775,11.953,16.078,12.819,51.703
1961-06,17.702,32.404,47.353,218.547,28.798,17.678,54.298,10.696,17.456,14.215,6.791,14.139,15.801,11.965,16.158,12.846,52.132
1961-07,17.74,32.503,47.311,218.296,28.803,17.723,54.506,10.811,17.453,14.232,6.798,14.183,15.842,12.007,16.254,12.834,52.192
1961-08,17.755,32.633,47.324,218.052,28.823,17.697,54.553,10.916,17.449,14.224,6.8,14.206,15.891,12.0,16.348,12.847,52.46
1961-09,17.776,32.895,47.273,218.075,28.773,17.657,54.606,10.934,17.437,14.228,6.82,14.207,15.932,12.089,16.436,12.867,52.736
1961-10,17.774,32.835,47.277,217.655,28.782,17.659,54.534,10.833,17.446,14.235,6.824,14.244,15.988,12.086,16.503,12.885,52.597
1961-11,17.776,32.471,47.289,217.339,28.787,17.626,54.542,10.901,17.46,14.237,6.836,14.245,15.981,12.134,16.593,12.902,52.582
1961-12,17.781,32.608,47.259,217.154,28.769,17.656,54.523,10.732,17.453,14.236,6.851,14.277,16.026,12.142,16.69,12.909,52.603
1962-01,17.816,32.545,47.265,216.912,28.808,17.737,54.174,10.765,17.485,14.285,6.87,14.309,16.056,12.138,16.857,12.938,52.598
1962-02,17.864,32.648,47.29,216.856,28.816,17.831,54.243,10.902,17.497,14.295,6.901,14.343,16.088,12.177,16.907,12.949,52.458
1962-03,17.887,32.781,47.326,216.612,28.864,17.875,54.57,10.685,17.529,14.315,6.906,14.358,16.126,12.203,16.913,12.986,52.75
1962-04,17.907,32.846,47.269,216.491,28.238,17.884,54.514,10.908,17.526,14.287,6.948,14.431,16.146,12.207,16.969,13.01,52.776
1962-05,17.918,32.89,47.225,216.257,28.271,17.85,54.502,10.89,17.507,14.334,6.952,14.44,16.166,12.245,17.006,13.036,52.779
1962-06,17.929,32.99,47.223,215.939,28.884,17.831,54.611,10.753,17.49,14.338,6.983,14.479,16.211,12.306,17.037,13.057,52.678
1962-07,17.919,33.044,47.222,215.865,28.906,17.772,54.668,10.594,17.49,14.354,6.991,14.496,16.215,12.358,17.011,13.048,52.749
1962-08,17.944,33.121,47.182,215.805,28.748,17.83,54.472,10.765,17.492,14.39,7.015,14.481,16.238,12.352,16.935,13.045,52.585
1962-09,18.031,33.22,47.154,215.513,28.755,18.042,55.148,11.09,17.505,14.391,7.039,14.497,16.282,12.314,16.902,13.082,52.829
1962-10,18.011,32.853,47.191,215.304,28.742,17.985,55.058,11.01,17.516,14.388,7.051,14.492,16.322,12.378,16.872,13.112,52.794
1962-11,18.025,32.886,47.2,215.346,28.702,18.002,54.805,11.022,17.529,14.393,7.086,14.505,16.355,12.405,16.921,13.136,52.693
1962-12,18.018,32.868,47.191,215.124,28.73,17.886,54.614,11.141,17.536,14.395,7.086,14.458,16.37,12.442,16.963,13.171,52.927
1963-01,18.063,32.754,47.191,215.022,28.772,18.042,54.823,11.005,17.559,14.448,7.095,14.486,16.358,12.455,17.039,13.212,53.239
1963-02,18.08,32.899,47.193,214.999,28.832,18.071,54.906,10.989,17.556,14.45,7.117,14.461,16.369,12.495,16.949,13.246,53.257
1963-03,18.065,32.991,47.15,215.45,28.873,17.993,54.93,10.871,17.553,14.451,7.118,14.481,16.416,12.502,16.893,13.267,53.329
1963-04,18.063,33.016,47.172,215.309,28.808,17.909,54.998,10.836,17.631,14.466,7.128,14.473,16.432,12.516,16.869,13.28,53.409
1963-05,18.091,33.043,47.192,215.668,28.783,17.905,54.935,10.904,17.7,14.499,7.144,14.5,16.48,12.565,16.851,13.298,53.561
1963-06,18.131,33.211,47.202,215.717,28.788,18.076,55.031,10.732,17.786,14.498,7.172,14.484,16.506,12.561,16.871,13.314,53.554
1963-07,18.166,33.152,47.21,215.783,28.77,18.144,55.133,10.905,17.797,14.499,7.187,14.507,16.594,12.546,16.899,13.344,53.75
1963-08,18.19,33.117,47.209,215.779,28.761,18.15,55.169,11.075,17.829,14.5,7.221,14.497,16.62,12.547,16.951,13.358,53.658
1963-09,18.187,33.51,47.321,216.313,28.741,18.082,55.104,10.825,17.836,14.507,7.235,14.504,16.662,12.595,16.967,13.368,53.655
1963-10,18.222,33.488,47.327,216.68,28.77,18.06,55.247,10.929,17.897,14.557,7.242,14.498,16.739,12.649,16.989,13.397,53.705
1963-11,18.248,33.319,47.413,216.983,28.74,18.154,55.4,10.865,17.898,14.565,7.254,14.575,16.795,12.641,17.069,13.425,53.835
1963-12,18.276,33.303,47.44,213.151,29.642,18.193,55.453,10.913,17.974,14.558,7.283,14.564,16.82,12.641,17.173,13.45,53.797
1964-01,18.314,33.424,47.42,213.566,29.376,18.324,55.54,10.881,17.983,14.55,7.319,14.599,16.852,12.672,17.246,13.471,53.657
1964-02,18.342,33.547,47.425,213.87,29.435,18.328,55.541,10.881,17.997,14.578,7.336,14.667,16.893,12.668,17.327,13.513,53.63
1964-03,18.353,33.459,47.399,213.936,29.408,18.329,55.562,10.833,18.008,14.585,7.356,14.675,16.906,12.721,17.431,13.532,53.71
1964-04,18.368,33.458,47.408,213.574,29.617,18.342,55.644,10.795,18.013,14.597,7.383,14.674,16.921,12.732,17.498,13.55,53.508
1964-05,18.37,33.392,47.392,213.324,29.625,18.303,55.69,10.73,18.003,14.619,7.397,14.661,16.936,12.77,17.573,13.578,53.462
1964-06,18.397,33.423,47.368,212.76,29.642,18.39,55.687,10.731,17.994,14.624,7.406,14.66,17.017,12.774,17.648,13.604,53.871
1964-07,18.421,33.494,47.301,212.838,29.655,18.446,55.72,10.728,18.007,14.627,7.427,14.657,17.05,12.775,17.714,13.637,53.91
1964-08,18.436,33.412,47.27,212.596,29.654,18.437,55.627,10.713,18.009,14.669,7.456,14.73,17.111,12.775,17.788,13.671,53.819
1964-09,18.464,33.391,47.212,212.477,29.655,18.544,55.543,10.762,18.024,14.669,7.47,14.732,17.153,12.765,17.865,13.706,53.852
1964-10,18.477,33.212,47.203,212.322,29.669,18.558,55.439,10.814,18.032,14.67,7.503,14.746,17.145,12.801,17.948,13.723,53.858
1964-11,18.502,33.363,47.145,212.274,29.711,18.574,55.615,10.848,18.053,14.669,7.533,14.764,17.174,12.79,17.993,13.751,53.889
1964-12,18.529,33.474,47.102,211.971,29.708,18.584,55.754,10.917,18.059,14.685,7.547,14.763,17.189,12.81,18.008,13.788,54.083
1965-01,18.549,33.494,47.083,211.9,29.507,18.547,55.857,11.021,18.101,14.682,7.572,14.804,17.217,12.861,17.975,13.829,54.3
1965-02,18.556,33.454,47.106,211.737,29.472,18.496,55.84,11.026,18.149,14.709,7.576,14.801,17.234,12.878,17.966,13.859,54.788
1965-03,18.58,33.459,47.065,211.761,29.421,18.562,55.74,11.094,18.176,14.711,7.581,14.855,17.255,12.914,17.942,13.881,54.917
1965-04,18.609,33.408,47.04,211.196,29.592,18.626,55.824,11.128,18.212,14.709,7.616,14.89,17.294,12.935,17.975,13.909,54.906
1965-05,18.651,33.491,47.049,210.76,29.625,18.721,55.89,11.128,18.267,14.745,7.638,14.927,17.331,12.921,17.998,13.927,55.307
1965-06,18.705,32.891,47.082,210.506,29.672,19.046,56.076,11.196,18.303,14.743,7.66,14.931,17.378,12.925,18.039,13.95,55.246
1965-07,18.719,32.913,47.006,210.106,29.624,19.052,56.136,11.177,18.303,14.759,7.665,14.968,17.417,12.943,18.103,13.989,55.27
1965-08,18.723,33.068,46.923,209.698,29.546,18.918,56.39,11.163,18.304,14.766,7.681,14.98,17.437,13.053,18.149,14.01,55.288
1965-09,18.731,33.104,46.901,209.28,29.446,18.85,56.201,11.212,18.316,14.765,7.706,15.01,17.462,13.13,18.203,14.051,55.554
1965-10,18.738,32.604,46.89,208.486,29.235,18.872,56.272,11.299,18.329,14.79,7.721,15.048,17.483,13.142,18.27,14.073,55.674
1965-11,18.769,32.661,46.92,207.766,29.157,18.907,56.407,11.281,18.34,14.825,7.735,15.087,17.468,13.173,18.346,14.105,55.923
1965-12,18.838,33.221,46.924,207.089,29.038,19.028,56.541,11.333,18.387,14.834,7.76,15.073,17.539,13.193,18.472,14.141,56.125
1966-01,18.86,32.584,46.946,207.083,29.101,19.138,56.72,11.333,18.426,14.866,7.78,15.056,17.603,13.222,18.614,14.134,56.179
1966-02,18.938,32.821,46.958,207.518,29.129,19.411,56.871,11.299,18.448,14.885,7.83,15.052,17.639,13.236,18.78,14.117,56.454
1966-03,18.985,32.783,46.991,207.687,29.115,19.569,56.997,11.302,18.482,14.889,7.839,15.053,17.703,13.301,18.908,14.107,56.608
1966-04,19.051,32.903,47.083,207.42,29.367,19.658,57.166,11.302,18.534,14.934,7.887,15.089,17.764,13.301,19.015,14.2,56.819
1966-05,19.075,32.889,47.133,207.452,29.362,19.545,57.324,11.355,18.581,14.933,7.914,15.083,17.818,13.409,19.108,14.294,57.2
1966-06,19.123,32.908,47.239,207.274,29.415,19.548,57.508,11.352,18.629,14.939,7.978,15.14,17.82,13.516,19.192,14.394,57.04
1966-07,19.16,33.034,47.408,207.456,29.457,19.48,57.831,11.421,18.661,14.946,8.009,15.211,17.812,13.576,19.287,14.44,57.4
1966-08,19.234,32.997,47.544,207.842,29.458,19.753,57.798,11.455,18.698,14.947,8.053,15.279,17.834,13.588,19.403,14.481,57.673
1966-09,19.295,32.957,47.656,208.042,29.516,19.806,58.099,11.558,18.712,14.994,8.111,15.346,17.913,13.634,19.487,14.526,57.66
1966-10,19.346,32.98,47.75,208.078,29.716,19.804,58.255,11.592,18.745,15.043,8.165,15.386,17.984,13.68,19.559,14.587,58.111
1966-11,19.375,32.951,47.886,208.204,29.802,19.737,58.446,11.63,18.807,15.045,8.204,15.44,18.035,13.77,19.608,14.629,58.308
1966-12,19.415,33.267,48.063,208.27,29.794,19.692,58.763,11.648,18.832,15.064,8.232,15.498,18.074,13.864,19.583,14.662,58.226
1967-01,19.417,32.724,48.069,209.45,30.001,19.586,58.938,11.715,18.861,15.098,8.282,15.525,18.123,13.928,19.566,14.657,58.359
1967-02,19.44,32.647,48.08,208.453,30.046,19.554,59.138,11.718,18.9,15.138,8.328,15.569,18.151,13.996,19.506,14.686,58.266
1967-03,19.45,32.705,48.051,208.662,29.986,19.498,59.364,11.684,18.913,15.139,8.364,15.604,18.192,14.049,19.461,14.721,58.362
1967-04,19.482,32.867,48.147,208.653,30.005,19.398,59.491,11.789,18.944,15.154,8.399,15.675,18.258,14.15,19.468,14.759,58.709
1967-05,19.52,32.988,48.254,208.613,30.055,19.427,59.672,11.788,18.963,15.155,8.427,15.73,18.313,14.196,19.479,14.808,59.188
1967-06,19.582,33.029,48.331,208.868,30.029,19.568,59.881,11.788,18.958,15.21,8.481,15.75,18.39,14.232,19.535,14.844,59.192
1967-07,19.647,33.424,48.459,208.66,30.078,19.65,60.181,11.805,19.047,15.215,8.517,15.817,18.463,14.291,19.584,14.86,59.222
1967-08,19.709,33.651,48.603,208.487,30.192,19.732,60.343,11.82,19.146,15.223,8.581,15.872,18.524,14.332,19.63,14.885,59.377
1967-09,19.768,33.864,48.723,208.335,30.27,19.71,60.499,11.941,19.224,15.277,8.616,15.921,18.62,14.385,19.717,14.916,59.56
1967-10,19.823,34.207,48.8,209.088,30.254,19.744,60.688,11.838,19.297,15.311,8.659,15.947,18.713,14.433,19.855,14.949,59.59
1967-11,19.888,34.349,48.889,209.765,30.323,19.778,60.914,11.98,19.36,15.32,8.711,15.987,18.806,14.519,19.969,14.975,59.796
1967-12,19.919,34.01,49.048,210.374,30.399,19.797,61.179,11.857,19.417,15.334,8.751,16.064,18.94,14.578,20.068,15.025,60.246
1968-01,20.011,34.152,49.41,211.052,30.423,19.9,61.464,11.961,19.493,15.381,8.799,16.129,19.03,14.619,20.118,15.13,60.417
1968-02,20.092,34.175,49.63,211.389,30.469,19.979,61.869,11.995,19.539,15.414,8.836,16.206,19.14,14.706,20.331,15.225,60.577
1968-03,20.157,34.228,49.911,211.423,30.492,20.01,62.189,11.964,19.596,15.437,8.909,16.275,19.196,14.754,20.581,15.302,60.451
1968-04,20.22,34.28,50.086,211.663,30.423,20.075,62.631,11.894,19.681,15.484,8.937,16.344,19.275,14.792,20.683,15.354,60.757
1968-05,20.295,34.369,50.179,212.081,30.459,20.141,62.977,11.962,19.752,15.519,8.964,16.398,19.329,14.883,20.861,15.41,61.084
1968-06,20.359,34.415,50.294,212.545,30.49,20.134,63.333,12.01,19.816,15.541,9.031,16.474,19.415,14.979,21.044,15.474,61.109
1968-07,20.422,34.503,50.421,213.115,30.688,20.193,63.637,12.013,19.856,15.575,9.052,16.504,19.504,15.032,21.241,15.514,61.418
1968-08,20.505,34.602,50.572,213.621,30.882,20.27,64.019,12.133,19.894,15.595,9.108,16.591,19.584,15.109,21.398,15.586,61.76
1968-09,20.577,34.765,50.735,214.316,31.072,20.345,64.368,12.062,19.938,15.646,9.158,16.625,19.632,15.196,21.534,15.637,61.756
1968-10,20.668,34.899,50.868,214.808,31.265,20.486,64.598,12.098,20.003,15.687,9.214,16.732,19.696,15.236,21.679,15.716,62.173
1968-11,20.738,35.097,51.031,215.052,31.38,20.52,64.801,12.158,20.08,15.708,9.255,16.827,19.749,15.323,21.827,15.777,62.412
1968-12,20.782,34.78,51.148,215.538,31.548,20.524,65.106,12.063,20.151,15.763,9.294,16.889,19.795,15.383,22.004,15.836,62.901
1969-01,20.864,34.732,51.307,216.203,31.824,20.595,65.475,12.172,20.167,15.803,9.346,16.989,19.874,15.448,22.284,15.894,63.322
1969-02,20.918,34.928,51.465,216.575,31.913,20.561,65.668,12.209,20.208,15.82,9.411,17.065,19.906,15.517,22.39,15.957,63.59
1969-03,21.017,35.207,51.675,216.688,31.986,20.624,65.893,12.356,20.278,15.87,9.489,17.215,20.006,15.564,22.542,16.031,64.176
1969-04,21.11,35.204,51.837,217.117,32.176,20.748,66.146,12.464,20.38,15.899,9.558,17.338,20.085,15.646,22.694,16.095,64.42
1969-05,21.195,35.057,52.029,218.184,32.208,20.874,66.455,12.442,20.417,15.989,9.607,17.424,20.177,15.74,22.849,16.152,64.834
1969-06,21.298,35.18,52.114,218.495,32.303,21.121,66.755,12.515,20.486,16.014,9.655,17.493,20.243,15.816,22.946,16.217,65.376
1969-07,21.392,35.202,52.302,218.543,32.395,21.245,67.209,12.444,20.586,16.106,9.705,17.585,20.318,15.908,23.06,16.286,65.576
1969-08,21.452,35.302,52.378,218.722,32.396,21.311,67.106,12.458,20.67,16.128,9.756,17.632,20.396,15.996,23.172,16.359,65.917
1969-09,21.541,35.211,52.516,218.861,32.566,21.448,67.524,12.436,20.751,16.187,9.83,17.73,20.448,16.12,23.302,16.405,66.203
1969-10,21.615,35.467,52.676,218.935,32.652,21.442,67.692,12.437,20.793,16.247,9.895,17.794,20.52,16.275,23.438,16.467,66.286
1969-11,21.708,35.575,52.755,218.753,32.71,21.643,68.027,12.365,20.893,16.309,9.952,17.868,20.61,16.341,23.557,16.514,66.606
1969-12,21.808,35.544,52.812,218.412,32.767,21.834,68.207,12.44,20.97,16.363,10.009,18.053,20.681,16.417,23.708,16.589,67.234
1970-01,21.885,35.535,52.887,217.785,32.764,21.983,68.345,12.402,21.059,16.424,10.089,18.296,20.748,16.5,23.738,16.615,67.071
1970-02,21.973,35.55,53.039,217.786,32.902,22.089,68.585,12.452,21.152,16.468,10.135,18.503,20.834,16.638,23.802,16.673,67.329
1970-03,22.027,35.638,53.019,218.457,32.942,22.117,68.544,12.268,21.245,16.536,10.212,18.562,20.891,16.744,23.873,16.755,67.3
1970-04,22.139,35.68,53.217,217.48,32.973,22.19,68.726,12.687,21.326,16.579,10.281,18.6,20.998,16.93,23.948,16.856,67.523
1970-05,22.209,35.785,53.222,217.43,33.131,22.28,68.878,12.614,21.372,16.644,10.354,18.648,21.084,17.018,24.0,16.926,67.814
1970-06,22.267,35.903,53.216,217.189,33.157,22.275,69.142,12.516,21.475,16.707,10.424,18.76,21.137,17.076,24.104,16.991,67.76
1970-07,22.348,36.092,53.309,217.283,33.213,22.32,69.306,12.605,21.577,16.772,10.469,18.874,21.239,17.169,24.176,17.048,67.873
1970-08,22.407,36.295,53.308,217.549,33.278,22.375,69.441,12.437,21.658,16.844,10.506,18.981,21.317,17.233,24.218,17.115,68.074
1970-09,22.508,36.559,53.346,217.812,33.324,22.478,69.821,12.536,21.71,16.9,10.559,19.134,21.413,17.28,24.373,17.202,68.688
1970-10,22.619,37.086,53.494,218.326,33.239,22.532,70.081,12.7,21.784,16.987,10.604,19.257,21.507,17.339,24.523,17.3,69.124
1970-11,22.708,37.391,53.654,220.82,33.51,22.466,70.416,12.759,21.846,17.077,10.644,19.348,21.634,17.433,24.641,17.407,69.487
1970-12,22.809,37.85,53.775,221.103,33.533,22.478,70.709,12.847,21.906,17.188,10.717,19.471,21.686,17.533,24.716,17.477,69.674
1971-01,22.857,38.189,53.825,222.292,33.622,22.302,70.87,12.895,21.985,17.238,10.732,19.536,21.791,17.645,24.821,17.559,70.362
1971-02,22.924,38.371,53.979,222.303,33.684,22.342,71.095,12.747,22.049,17.315,10.758,19.571,21.874,17.74,24.942,17.656,70.6
1971-03,23.001,38.362,53.954,223.797,33.716,22.469,71.184,12.685,22.102,17.386,10.788,19.772,21.956,17.772,25.047,17.738,71.161
1971-04,23.09,38.429,54.1,225.146,33.8,22.664,71.395,12.538,22.202,17.446,10.85,19.909,22.015,17.804,25.214,17.806,71.095
1971-05,23.187,38.513,54.167,225.986,33.845,22.757,71.809,12.55,22.264,17.535,10.894,20.055,22.06,17.889,25.378,17.884,71.553
1971-06,23.289,38.556,54.273,226.738,34.021,22.907,71.982,12.6,22.335,17.619,10.941,20.199,22.129,17.966,25.562,17.966,71.793
1971-07,23.36,38.667,54.296,227.488,34.135,22.936,72.209,12.491,22.382,17.679,10.981,20.386,22.2,18.018,25.737,18.106,72.079
1971-08,23.428,37.857,54.496,227.503,34.232,22.98,71.883,12.927,22.448,17.75,11.026,20.54,22.253,18.112,25.922,18.172,72.697
1971-09,23.463,37.309,54.476,227.808,34.403,22.973,72.177,12.977,22.513,17.811,11.054,20.549,22.33,18.164,26.035,18.256,72.859
1971-10,23.499,37.288,54.465,227.573,34.325,23.009,72.238,13.006,22.545,17.829,11.088,20.577,22.324,18.202,26.146,18.343,72.984
1971-11,23.548,37.351,54.446,227.484,34.458,23.074,72.313,12.919,22.569,17.879,11.135,20.591,22.343,18.243,26.269,18.42,73.155
1971-12,23.641,37.523,54.573,228.053,34.649,23.269,72.424,12.949,22.599,17.937,11.187,20.65,22.405,18.268,26.426,18.514,73.089
1972-01,23.738,37.864,54.635,228.606,34.848,23.428,72.656,12.817,22.694,17.999,11.219,20.751,22.469,18.323,26.703,18.575,73.726
1972-02,23.832,37.942,54.624,228.488,34.814,23.723,72.76,12.779,22.748,18.052,11.264,20.799,22.557,18.358,26.838,18.677,73.918
1972-03,23.866,38.034,54.711,228.099,34.805,23.684,72.805,12.779,22.774,18.113,11.29,20.825,22.575,18.405,26.939,18.732,73.835
1972-04,23.903,38.201,54.778,229.037,34.849,23.674,72.884,12.678,22.812,18.135,11.318,20.838,22.607,18.499,27.006,18.804,73.938
1972-05,23.955,38.27,54.832,228.728,35.075,23.679,72.97,12.766,22.852,18.189,11.333,20.863,22.636,18.575,27.098,18.874,74.161
1972-06,23.992,38.261,54.915,228.894,35.089,23.712,72.931,12.654,22.896,18.24,11.372,20.886,22.648,18.623,27.18,18.935,74.597
1972-07,24.078,38.318,55.054,229.265,35.195,23.846,73.011,12.778,22.924,18.3,11.451,20.963,22.705,18.669,27.295,18.987,74.71
1972-08,24.148,38.454,55.056,229.78,35.326,23.949,72.646,12.949,22.944,18.366,11.493,20.989,22.77,18.735,27.38,19.033,75.343
1972-09,24.256,38.572,55.253,229.803,35.396,24.118,73.272,13.182,22.981,18.431,11.52,21.044,22.815,18.821,27.422,19.093,75.721
1972-10,24.283,37.874,55.35,230.112,35.46,24.196,73.554,13.205,22.983,18.453,11.551,21.14,22.859,18.864,27.453,19.195,76.108
1972-11,24.356,37.843,55.459,230.286,35.576,24.3,73.714,13.265,23.012,18.534,11.589,21.198,22.891,18.946,27.501,19.261,76.359
1972-12,24.434,37.923,55.637,230.391,35.689,24.424,74.014,13.251,23.045,18.625,11.613,21.269,22.965,18.989,27.529,19.331,76.688
1973-01,24.508,37.898,55.68,230.64,35.621,24.78,74.091,13.285,23.079,18.743,11.643,21.362,22.945,19.03,27.146,19.316,75.905
1973-02,24.637,38.073,55.775,231.103,35.675,25.137,74.226,13.472,23.135,18.797,11.707,21.467,23.062,19.13,27.211,19.344,76.049
1973-03,24.812,38.137,55.874,231.635,35.599,25.761,74.788,13.522,23.235,18.854,11.759,21.522,23.166,19.242,27.34,19.462,76.373
1973-04,24.997,38.339,55.903,232.061,36.044,26.136,75.189,13.73,23.355,18.94,11.817,21.636,23.31,19.405,27.497,19.642,77.703
1973-05,25.12,38.39,56.109,232.305,36.184,26.396,75.406,13.842,23.407,19.023,11.856,21.721,23.367,19.628,27.623,19.723,77.389
1973-06,25.263,38.37,56.308,232.452,36.344,26.637,75.722,14.141,23.473,19.04,11.906,21.866,23.481,19.751,27.759,19.939,79.63
1973-07,25.355,38.43,56.427,232.846,36.527,26.669,75.639,14.158,23.582,19.103,11.936,21.913,23.501,19.87,27.807,20.234,81.042
1973-08,25.647,38.486,56.478,233.251,36.584,28.03,75.849,14.206,23.605,19.208,12.046,22.022,23.639,20.047,28.072,20.326,80.595
1973-09,25.75,38.409,56.627,233.623,36.739,28.038,76.027,14.14,23.677,19.265,12.097,22.094,23.762,20.373,28.181,20.541,83.124
1973-10,25.895,38.33,56.702,234.28,36.65,28.153,76.237,14.783,23.753,19.336,12.184,22.222,23.891,20.668,28.311,20.606,82.502
1973-11,26.107,38.408,56.941,234.362,36.879,28.52,76.454,15.572,23.883,19.426,12.239,22.306,23.971,20.901,28.447,20.739,83.19
1973-12,26.322,38.376,57.048,235.066,37.05,28.768,76.704,16.432,23.968,19.553,12.296,22.555,24.074,21.058,28.659,21.001,83.556
1974-01,26.574,38.315,57.539,236.436,37.345,29.192,77.023,17.56,24.121,19.615,12.39,22.605,24.162,21.189,28.94,21.143,85.15
1974-02,26.883,38.374,57.853,237.268,37.709,29.919,77.851,18.475,24.277,19.736,12.491,22.738,24.313,21.302,29.156,21.319,86.802
1974-03,27.195,38.549,58.471,237.984,38.144,30.389,78.649,19.557,24.485,19.807,12.627,22.883,24.475,21.443,29.358,21.7,87.85
1974-04,27.387,38.815,59.048,238.846,38.307,30.398,79.355,19.892,24.801,19.912,12.702,23.119,24.561,21.681,29.535,21.829,89.806
1974-05,27.657,39.43,59.609,239.993,38.537,30.595,80.228,20.335,25.168,19.957,12.863,23.328,24.984,21.869,29.749,22.132,91.527
1974-06,27.891,40.353,60.294,242.415,38.915,30.612,80.899,20.414,25.544,20.084,13.01,23.619,25.042,22.102,29.929,22.323,92.491
1974-07,28.098,41.148,61.054,244.249,39.09,30.602,81.56,20.536,26.019,20.168,13.131,23.833,25.239,22.359,30.134,22.446,91.694
1974-08,28.391,41.524,62.044,244.728,39.217,31.15,83.141,20.479,26.379,20.273,13.309,24.037,25.395,22.588,30.388,22.594,92.901
1974-09,28.687,42.15,62.695,246.766,40.086,31.799,83.262,20.437,26.757,20.412,13.453,24.389,25.573,22.76,30.613,22.769,93.752
1974-10,28.893,42.89,63.532,248.602,40.358,32.102,83.554,20.222,27.112,20.546,13.584,24.586,25.763,22.972,30.785,22.771,93.682
1974-11,29.11,43.094,64.129,249.753,40.622,32.477,84.017,20.145,27.462,20.658,13.707,24.886,25.98,23.142,31.015,22.885,94.751
1974-12,29.341,43.309,64.683,250.363,41.1,32.909,84.031,20.148,27.79,20.804,13.845,25.182,26.249,23.354,31.215,23.013,95.176
1975-01,29.523,42.987,65.122,252.374,41.131,33.063,84.007,20.214,28.046,21.107,13.946,25.442,26.435,23.516,31.398,23.06,95.154
1975-02,29.684,43.417,65.645,253.435,41.317,33.002,84.229,20.2,28.336,21.243,14.06,25.578,26.598,23.722,31.549,23.194,97.768
1975-03,29.786,44.191,65.953,254.575,41.489,32.818,84.358,20.283,28.469,21.297,14.14,25.746,26.656,23.817,31.723,23.337,98.805
1975-04,29.887,44.344,66.473,259.352,41.624,32.656,84.417,20.314,28.64,21.437,14.252,25.941,26.736,23.935,31.96,23.374,96.29
1975-05,30.007,44.212,66.74,259.033,41.879,32.682,84.49,20.546,28.675,21.54,14.329,26.119,26.803,24.031,32.146,23.542,98.877
1975-06,30.195,44.439,66.823,259.017,42.0,32.961,84.415,20.969,28.773,21.664,14.486,26.36,26.909,24.091,32.315,23.742,99.478
1975-07,30.454,44.666,67.094,259.992,42.247,33.435,84.915,21.646,28.843,21.779,14.6,26.502,26.994,24.203,32.349,24.106,101.579
1975-08,30.586,44.97,67.25,260.804,42.41,33.646,85.256,21.861,28.899,21.862,14.698,26.586,27.086,24.374,32.404,24.118,101.01
1975-09,30.737,45.308,67.637,261.097,42.492,33.619,84.977,22.069,29.031,22.016,14.86,26.876,27.268,24.533,32.52,24.262,101.698
1975-10,30.916,45.579,67.957,261.879,42.669,33.913,85.187,22.277,29.134,22.196,14.981,26.989,27.345,24.699,32.769,24.286,100.254
1975-11,31.114,45.733,68.409,262.917,42.839,34.098,85.421,22.288,29.253,22.357,15.146,27.192,27.525,24.87,33.166,24.481,101.365
1975-12,31.286,46.326,68.517,266.017,43.02,34.229,85.561,22.263,29.411,22.499,15.287,27.401,27.629,24.996,33.22,24.559,103.942
1976-01,31.406,46.468,68.805,267.802,43.29,34.205,85.941,22.251,29.57,22.599,15.383,27.596,27.813,25.088,33.307,24.698,104.701
1976-02,31.447,46.78,69.168,265.884,43.274,33.806,86.169,22.081,29.757,22.743,15.48,27.659,27.841,25.259,33.327,24.748,104.752
1976-03,31.494,46.976,69.364,262.5,43.496,33.606,86.252,21.898,29.897,22.869,15.598,27.83,27.915,25.357,33.252,24.869,104.091
1976-04,31.565,47.265,69.481,266.158,43.605,33.514,86.449,21.674,30.016,22.94,15.692,27.96,28.025,25.492,33.071,25.013,104.201
1976-05,31.716,47.495,69.574,269.111,43.735,33.643,86.923,21.828,30.126,23.067,15.797,28.136,28.118,25.657,33.006,25.137,104.365
1976-06,31.853,47.692,69.845,267.506,43.805,33.74,87.186,22.09,30.21,23.203,15.933,28.3,28.248,25.746,33.125,25.248,103.804
1976-07,32.014,47.884,70.114,270.287,44.034,33.865,87.68,22.15,30.302,23.314,16.014,28.414,28.379,25.916,33.479,25.458,103.121
1976-08,32.19,48.394,69.959,266.427,44.429,34.035,88.134,22.222,30.39,23.486,16.139,28.601,28.482,26.067,33.83,25.605,104.449
1976-09,32.371,48.907,70.16,268.999,44.821,34.151,88.444,22.389,30.529,23.624,16.247,28.792,28.62,26.202,34.051,25.717,105.081
1976-10,32.541,49.638,70.337,270.965,44.989,34.283,88.545,22.65,30.684,23.817,16.326,28.918,28.783,26.303,34.113,25.71,105.225
1976-11,32.688,49.676,70.534,271.706,45.039,34.304,88.87,22.893,30.894,23.975,16.482,28.995,28.842,26.404,34.201,25.814,106.037
1976-12,32.87,49.988,70.855,270.247,45.212,34.408,89.271,23.004,31.01,24.253,16.538,29.158,28.955,26.541,34.398,25.917,108.429
1977-01,33.058,50.079,71.419,274.264,45.791,34.498,89.79,23.21,31.176,24.443,16.659,29.315,29.045,26.692,34.22,26.077,110.303
1977-02,33.316,50.202,71.425,273.175,45.493,35.069,90.832,23.502,31.375,24.662,16.771,29.52,29.224,26.834,34.471,26.248,110.242
1977-03,33.482,50.411,71.499,272.604,45.451,35.291,89.947,23.704,31.542,24.851,16.935,29.833,29.311,27.028,34.655,26.387,109.863
1977-04,33.678,50.353,71.781,272.903,45.556,35.733,89.861,23.747,31.649,25.012,17.074,29.946,29.426,27.308,35.151,26.45,109.61
1977-05,33.849,50.409,71.93,275.183,45.816,35.934,90.481,23.898,31.762,25.13,17.18,30.11,29.507,27.533,35.514,26.494,109.372
1977-06,34.038,50.511,72.203,276.001,45.923,36.178,91.034,23.807,31.994,25.288,17.29,30.294,29.62,27.72,35.912,26.609,110.698
1977-07,34.216,50.818,72.443,276.847,46.201,36.226,91.935,23.726,32.093,25.451,17.379,30.439,29.699,27.847,36.473,26.766,112.595
1977-08,34.376,50.906,72.949,277.157,46.362,36.335,92.147,23.747,32.22,25.649,17.463,30.589,29.834,28.028,36.916,26.779,113.628
1977-09,34.507,51.041,73.008,277.237,46.413,36.364,91.51,23.885,32.436,25.857,17.581,30.774,29.973,28.155,37.234,26.789,113.91
1977-10,34.668,51.685,73.166,277.211,46.406,36.422,91.847,24.126,32.597,25.958,17.653,30.903,30.092,28.32,37.622,26.861,114.732
1977-11,34.869,51.999,73.395,277.871,46.551,36.687,92.531,24.346,32.73,26.136,17.759,30.949,30.228,28.441,37.961,26.987,114.62
1977-12,35.04,52.474,73.891,279.705,46.995,36.826,92.755,24.504,32.864,26.248,17.861,31.304,30.32,28.571,38.003,27.107,114.852
1978-01,35.251,52.847,73.826,280.845,47.238,37.17,92.509,24.49,32.999,26.345,18.025,31.452,30.536,28.717,38.981,27.178,116.933
1978-02,35.417,53.048,73.999,280.992,47.336,37.562,91.301,24.367,33.101,26.506,18.183,31.782,30.682,28.97,39.426,27.291,115.859
1978-03,35.649,53.301,74.486,282.405,47.538,38.044,91.796,24.417,33.22,26.653,18.299,31.698,30.833,29.191,40.022,27.412,115.957
1978-04,35.919,53.396,75.13,285.01,47.554,38.671,92.714,24.339,33.298,26.804,18.406,31.852,31.093,29.431,40.666,27.593,116.59
1978-05,36.177,53.747,75.505,285.72,48.061,39.273,93.23,24.383,33.437,26.997,18.514,32.043,31.199,29.72,40.825,27.733,117.508
1978-06,36.413,54.2,75.921,285.522,48.493,39.833,93.451,24.445,33.553,27.103,18.577,32.144,31.326,30.024,41.012,28.021,119.445
1978-07,36.613,54.584,76.121,285.98,48.777,39.987,93.136,24.598,33.93,27.213,18.763,32.371,31.484,30.294,41.047,28.196,121.668
1978-08,36.798,54.958,76.623,286.65,49.063,40.058,93.209,24.875,34.039,27.326,18.961,32.518,31.682,30.601,41.316,28.345,119.717
1978-09,37.008,55.222,77.14,287.356,49.391,40.202,93.278,25.194,34.199,27.537,19.065,32.843,31.939,30.78,41.437,28.435,122.573
1978-10,37.302,55.58,77.773,288.439,49.78,40.483,93.591,25.659,34.357,27.746,19.269,33.318,32.099,31.021,42.094,28.581,122.565
1978-11,37.514,55.96,78.121,289.254,50.311,40.688,93.647,26.089,34.537,27.909,19.502,32.97,32.211,31.284,42.433,28.681,120.967
1978-12,37.689,56.386,78.437,290.748,50.114,40.887,93.497,26.522,34.68,28.055,19.559,33.075,32.504,31.52,42.168,28.855,122.863
1979-01,37.971,56.552,78.751,291.834,50.257,41.698,93.809,26.759,34.978,28.238,19.824,33.319,32.707,31.772,41.406,29.029,124.954
1979-02,38.173,57.154,79.425,292.796,50.801,42.329,93.646,27.013,35.188,28.379,19.962,33.645,32.614,32.116,40.114,29.181,124.814
1979-03,38.47,57.536,79.817,294.445,50.955,42.639,93.862,28.229,35.392,28.509,20.079,33.848,32.892,32.425,40.461,29.349,125.377
1979-04,38.871,58.15,80.16,296.944,51.239,42.859,94.318,29.641,35.494,28.634,20.176,34.222,33.154,32.703,42.512,29.552,127.102
1979-05,39.272,58.378,80.3,297.471,51.617,43.157,94.822,31.108,35.645,28.922,20.29,34.508,33.399,33.077,44.006,29.762,127.061
1979-06,39.595,58.577,80.521,297.834,51.871,43.281,94.904,33.034,35.765,29.154,20.407,34.696,33.588,33.306,44.366,29.975,130.53
1979-07,39.895,58.788,80.844,298.649,52.348,43.491,94.888,34.781,35.967,29.371,20.586,35.105,33.684,33.572,44.068,30.14,132.242
1979-08,40.2,58.931,81.143,299.925,52.863,43.353,94.744,36.452,36.246,29.689,20.775,35.531,33.885,33.795,44.187,30.395,133.096
1979-09,40.554,59.087,81.409,301.471,53.727,43.651,95.03,37.964,36.407,29.995,20.931,36.037,33.985,33.982,44.371,30.596,136.371
1979-10,40.884,59.442,81.861,302.727,54.446,43.968,95.298,38.717,36.602,30.408,21.138,36.515,34.148,34.338,44.436,30.627,135.687
1979-11,41.167,59.743,82.716,303.265,55.329,44.258,95.685,39.329,36.959,30.535,21.341,37.257,34.282,34.597,43.992,30.919,137.171
1979-12,41.512,60.145,83.089,304.191,56.348,44.615,96.173,40.233,37.208,30.73,21.557,37.889,34.19,34.896,44.277,31.208,138.401
1980-01,41.944,60.749,83.94,306.118,57.476,44.842,96.607,42.889,37.546,30.926,21.813,38.319,34.405,35.205,43.982,31.479,139.105
1980-02,42.398,61.493,84.71,308.505,59.096,44.798,96.867,44.842,37.952,31.201,22.159,38.829,34.867,35.454,44.617,31.786,138.99
1980-03,42.916,61.658,85.621,310.709,61.542,45.261,97.448,47.32,38.282,31.46,22.348,39.142,35.28,35.758,45.344,32.056,141.526
1980-04,43.141,62.112,86.121,312.271,62.088,45.574,97.642,47.232,38.576,31.601,22.561,39.66,35.589,35.966,45.021,32.26,142.52
1980-05,43.476,62.379,86.628,313.192,62.75,45.919,97.749,47.26,38.922,31.946,22.702,40.166,35.91,36.24,45.681,32.504,145.201
1980-06,43.75,62.273,87.406,313.383,65.003,46.219,98.011,47.071,39.25,32.395,22.895,40.478,36.097,36.531,46.03,32.132,146.865
1980-07,44.088,62.615,87.845,314.89,63.999,46.849,98.34,47.069,39.532,32.597,23.136,41.059,36.368,36.686,46.313,32.956,143.403
1980-08,44.455,63.308,88.26,317.308,65.302,47.681,98.415,47.094,39.791,32.84,23.386,41.522,36.531,36.938,46.709,33.178,142.231
1980-09,44.866,64.035,89.079,319.642,65.579,48.3,98.78,47.087,40.042,33.171,23.637,42.235,36.8,37.24,47.341,33.457,143.439
1980-10,45.224,64.203,89.465,320.264,65.413,48.689,99.442,47.354,40.217,33.507,23.921,42.631,36.976,37.489,48.375,33.651,143.955
1980-11,45.592,64.764,89.77,321.904,66.255,49.253,99.696,47.52,40.414,33.766,24.142,42.979,36.977,37.788,49.345,33.913,145.598
1980-12,45.887,64.957,90.005,322.394,66.522,49.573,99.893,48.003,40.773,34.07,24.28,43.473,37.16,38.089,49.524,34.127,146.244
1981-01,46.329,65.238,90.468,323.591,66.926,49.644,99.928,49.979,41.061,34.349,24.653,44.003,37.535,38.427,50.533,34.433,145.915
1981-02,46.797,65.507,91.72,324.659,66.181,49.778,100.509,53.06,41.37,34.649,24.852,44.548,37.959,38.919,50.432,34.729,147.974
1981-03,47.122,65.323,92.335,326.313,66.135,50.025,100.746,54.629,41.576,34.899,25.07,45.217,37.91,39.126,50.467,35.065,148.998
1981-04,47.326,66.26,92.719,328.174,66.556,49.976,101.195,53.812,41.908,35.186,25.231,45.293,37.951,39.366,50.418,35.434,149.767
1981-05,47.537,67.416,93.127,328.749,66.632,49.86,101.201,53.055,42.372,35.552,25.369,45.109,38.098,39.599,50.463,35.637,153.998
1981-06,47.725,67.973,93.659,328.652,66.681,49.981,101.397,52.547,42.616,35.802,25.576,45.555,38.223,39.82,50.052,35.877,155.188
1981-07,48.013,68.345,94.192,329.329,66.854,50.389,101.724,52.306,42.733,36.108,25.919,46.166,38.273,40.067,50.183,36.224,151.767
1981-08,48.311,68.692,94.705,329.42,67.1,50.62,102.137,52.306,42.938,36.595,26.269,46.365,38.477,40.304,49.738,36.517,150.533
1981-09,48.602,68.987,95.387,330.875,67.039,50.781,102.342,52.52,43.263,36.913,26.522,46.751,38.725,40.493,49.45,37.026,151.364
1981-10,48.821,69.372,95.675,332.477,67.595,50.67,102.294,52.667,43.584,37.164,26.824,46.981,38.995,40.696,49.301,37.331,150.794
1981-11,49.081,69.702,96.221,334.168,67.316,50.645,102.115,52.865,43.781,37.495,27.181,47.099,39.15,40.836,49.81,37.699,148.727
1981-12,49.23,70.102,96.155,333.699,67.883,50.702,102.225,52.729,44.045,37.735,27.34,47.064,39.261,40.973,49.633,37.818,149.318
1982-01,49.52,70.368,96.787,334.562,67.771,51.026,102.126,52.463,44.222,38.077,27.649,47.245,39.531,41.186,50.416,38.03,148.481
1982-02,49.668,70.076,97.554,336.242,67.867,51.336,102.344,51.585,44.648,38.229,27.852,47.334,39.733,41.336,50.437,38.216,146.426
1982-03,49.793,70.079,97.901,337.029,67.408,51.194,102.807,50.564,44.943,38.536,28.04,47.588,39.797,41.527,51.044,38.3,143.442
1982-04,49.818,70.473,98.34,336.837,66.959,51.256,103.033,47.878,45.212,38.663,28.245,47.964,39.884,41.667,51.095,38.585,142.234
1982-05,50.112,70.944,98.857,337.85,67.049,51.681,103.133,48.06,45.46,38.969,28.383,48.097,40.039,41.852,51.768,38.761,142.428
1982-06,50.474,71.259,99.108,337.44,67.268,52.019,103.255,50.266,45.691,39.119,28.559,48.541,40.467,42.107,52.143,38.883,144.804
1982-07,50.773,71.389,99.392,338.152,67.221,52.047,103.524,50.96,45.979,39.446,28.914,48.757,40.578,42.312,52.854,39.027,143.473
1982-08,50.93,71.313,98.725,336.923,67.354,51.788,103.349,50.89,46.162,39.671,29.224,49.024,40.833,42.478,53.993,39.119,141.636
1982-09,51.072,71.329,98.753,336.27,67.885,51.74,103.19,50.468,46.504,39.883,29.389,49.187,40.966,42.696,54.397,39.298,140.84
1982-10,51.359,71.279,99.729,338.739,68.03,51.675,103.087,50.478,46.991,40.344,29.613,49.058,41.206,42.808,55.327,39.567,139.217
1982-11,51.516,71.344,99.461,336.452,68.068,51.628,102.93,50.315,47.301,40.597,29.904,48.891,41.308,42.943,55.768,39.775,138.153
1982-12,51.598,71.601,99.807,334.808,67.761,51.544,102.875,49.171,47.703,40.79,30.018,48.938,41.323,43.083,55.893,39.993,139.144
1983-01,51.852,72.178,99.985,334.648,68.341,51.452,103.429,48.528,48.142,41.04,30.279,48.929,41.538,43.25,57.255,40.302,136.589
1983-02,51.943,72.324,100.27,335.286,68.798,51.509,103.722,46.987,48.34,41.204,30.666,48.604,41.701,43.345,57.519,40.449,133.51
1983-03,52.014,72.46,100.516,335.82,68.916,51.929,103.536,46.075,48.576,41.289,30.813,48.832,41.79,43.479,56.956,40.6,132.029
1983-04,52.251,72.576,100.797,334.571,69.205,52.097,103.725,47.614,48.779,41.628,30.941,49.545,42.036,43.685,55.908,40.745,132.657
1983-05,52.4,72.67,100.507,333.026,69.662,52.299,104.239,48.803,48.791,41.719,31.054,50.146,42.129,43.813,55.277,40.955,131.82
1983-06,52.596,72.883,101.098,332.372,69.373,52.25,104.74,49.007,48.923,41.821,31.212,50.002,42.286,43.882,56.005,41.092,137.496
1983-07,52.893,73.069,101.658,331.019,69.941,52.253,105.371,49.147,49.28,41.997,31.476,50.551,42.232,43.904,58.425,41.275,131.699
1983-08,53.12,73.364,101.054,331.669,70.385,52.277,105.173,49.497,49.358,42.051,31.801,50.921,42.117,44.092,60.157,41.422,129.981
1983-09,53.306,73.738,101.118,331.471,70.595,52.428,104.795,49.153,49.391,42.258,31.966,51.056,42.379,44.331,60.989,41.487,131.548
1983-10,53.398,74.075,101.319,331.445,69.989,52.521,104.519,48.874,49.553,42.433,32.194,51.047,42.713,44.544,60.404,41.722,129.042
1983-11,53.474,74.352,101.706,331.083,70.77,52.446,104.662,48.278,49.748,42.643,32.425,51.471,42.891,44.705,59.224,41.896,128.696
1983-12,53.503,74.389,101.983,330.531,70.813,52.585,104.655,47.83,49.873,42.796,32.595,51.555,42.936,44.817,58.244,42.0,126.786
1984-01,53.734,74.247,101.828,330.158,70.858,53.279,105.082,48.118,50.074,42.89,32.818,51.958,43.074,45.078,57.267,42.618,128.006
1984-02,54.095,74.335,101.615,330.485,70.486,53.682,104.791,48.752,50.241,43.076,33.036,52.251,43.306,45.267,59.688,42.968,127.524
1984-03,54.273,74.497,101.611,328.583,71.234,53.743,104.49,48.821,50.345,43.271,33.217,52.275,43.473,45.445,60.712,43.05,127.156
1984-04,54.479,74.875,102.3,330.655,71.252,53.64,104.471,48.767,50.526,43.613,33.385,52.188,43.645,45.626,61.185,43.174,127.894
1984-05,54.548,75.154,102.225,328.669,71.294,53.399,104.32,48.605,50.575,43.726,33.563,52.499,43.793,45.827,61.403,43.26,127.31
1984-06,54.647,75.38,102.103,327.533,71.681,53.623,103.8,48.097,50.772,43.847,33.756,52.21,44.026,45.91,61.797,43.278,127.176
1984-07,54.842,75.541,101.803,326.717,71.656,53.745,104.466,47.287,51.062,44.235,33.921,52.12,44.18,46.083,62.735,43.322,126.087
1984-08,55.012,75.768,102.072,327.321,71.092,54.029,105.301,46.793,51.126,44.426,34.042,52.209,44.369,46.275,63.408,43.324,125.075
1984-09,55.088,75.811,102.764,327.076,71.258,53.89,105.433,47.013,51.317,44.65,34.182,51.285,44.447,46.317,63.061,43.429,125.781
1984-10,55.218,75.752,102.586,326.498,71.374,53.961,105.621,47.514,51.38,44.761,34.39,52.273,44.641,46.447,62.72,43.512,124.779
1984-11,55.297,75.894,102.936,326.771,71.414,53.894,105.456,47.273,51.485,44.898,34.598,52.499,44.726,46.576,62.613,43.581,123.713
1984-12,55.454,75.916,102.856,325.953,71.058,53.971,105.83,46.747,51.672,45.074,34.763,52.684,44.974,46.801,63.805,43.562,122.613
1985-01,55.732,76.226,102.581,326.137,70.873,54.12,105.846,46.866,51.903,45.216,34.935,52.991,45.183,46.863,66.057,43.666,123.247
1985-02,55.998,76.671,103.296,326.596,71.558,54.302,106.821,46.903,52.121,45.485,35.087,53.044,45.267,47.119,66.473,43.811,123.788
1985-03,56.224,76.801,103.163,327.287,71.973,54.427,107.057,47.638,52.223,45.648,35.305,53.061,45.515,47.307,66.855,44.158,123.065
1985-04,56.31,76.843,103.9,325.961,72.207,54.279,106.678,48.445,52.391,45.779,35.466,52.771,45.712,47.482,66.402,44.327,122.036
1985-05,56.45,76.764,103.778,322.92,71.986,54.136,106.73,48.269,52.534,46.176,35.65,52.998,45.738,47.756,66.572,44.452,122.291
1985-06,56.609,76.956,103.362,321.709,72.086,54.155,107.586,48.375,52.694,46.323,35.828,53.4,45.937,47.97,66.259,44.79,122.739
1985-07,56.749,76.896,102.927,322.102,72.19,54.187,107.264,48.41,52.844,46.482,35.963,52.916,46.076,48.032,67.521,44.994,122.114
1985-08,56.938,77.134,103.027,319.996,72.639,54.176,107.201,47.856,53.092,46.694,36.095,53.354,46.177,48.21,68.604,45.189,122.735
1985-09,57.032,77.34,102.726,320.102,71.926,54.177,107.444,47.687,53.324,46.827,36.259,53.645,46.18,48.419,68.091,45.396,123.642
1985-10,57.124,77.401,103.414,320.171,72.026,54.331,107.438,47.785,53.6,46.965,36.398,53.926,46.353,48.61,66.92,45.514,124.061
1985-11,57.286,77.432,104.145,318.192,72.101,54.607,108.0,48.206,53.664,47.263,36.565,53.502,46.572,48.773,66.103,45.744,125.062
1985-12,57.479,77.622,103.836,316.065,72.412,54.976,108.021,48.58,53.804,47.448,36.725,53.202,46.761,48.832,66.71,45.952,125.0
1986-01,57.748,77.837,103.762,316.401,72.272,55.041,108.099,48.558,54.152,47.669,36.925,53.299,47.088,48.966,68.507,46.184,123.463
1986-02,57.75,77.785,103.337,315.49,72.631,54.921,106.832,46.15,54.421,47.799,37.124,53.187,47.343,49.12,69.617,46.388,122.596
1986-03,57.622,77.877,104.048,314.156,72.136,54.944,106.193,40.636,54.485,48.102,37.374,53.595,47.265,49.273,69.773,46.553,120.98
1986-04,57.5,78.022,103.982,313.379,72.669,55.033,106.156,36.524,54.577,48.318,37.557,53.58,47.401,49.453,68.972,46.789,119.108
1986-05,57.601,78.567,104.038,312.682,73.149,55.174,106.001,36.838,54.658,48.365,37.693,53.547,47.517,49.654,68.352,47.004,119.361
1986-06,57.81,79.045,104.597,312.074,73.333,55.178,105.922,37.768,54.786,48.62,37.878,53.777,47.687,49.923,67.969,47.269,119.182
1986-07,57.822,79.447,104.798,310.852,73.658,55.656,106.186,35.432,55.118,48.692,38.042,53.639,47.775,50.013,67.441,47.34,118.275
1986-08,57.891,79.697,104.421,311.208,74.705,56.145,106.926,33.723,55.289,48.821,38.226,53.599,47.852,50.143,66.763,47.492,117.994
1986-09,58.077,79.874,104.974,310.053,74.589,56.117,107.192,34.54,55.322,48.995,38.427,53.656,48.021,50.353,67.076,47.621,117.989
1986-10,58.18,80.072,105.104,309.601,74.558,56.208,106.876,33.839,55.398,49.035,38.674,54.106,48.172,50.484,67.375,47.84,118.083
1986-11,58.283,80.586,104.733,309.498,75.23,56.386,106.873,33.574,55.471,49.134,38.867,54.558,48.317,50.714,66.951,47.843,117.662
1986-12,58.361,80.767,105.424,309.119,75.458,56.413,107.525,33.861,55.776,49.224,39.069,54.665,48.345,50.86,65.809,47.889,116.468
1987-01,58.628,81.006,105.311,311.773,76.28,56.765,107.894,36.148,56.093,49.389,39.288,55.347,48.57,51.112,64.659,47.768,116.787
1987-02,58.838,80.818,105.851,311.152,77.036,56.921,108.367,38.115,56.361,49.554,39.361,55.041,48.86,51.214,64.361,47.817,118.041
1987-03,58.997,81.202,105.775,311.23,77.538,56.94,109.059,38.224,56.595,49.759,39.654,55.011,48.983,51.383,64.123,47.862,116.867
1987-04,59.209,81.774,106.312,310.067,77.593,57.012,109.517,38.527,56.724,49.935,39.89,55.235,49.212,51.499,64.282,48.049,117.362
1987-05,59.356,82.481,105.854,309.146,77.643,57.345,109.847,37.912,56.934,50.088,40.116,55.353,49.355,51.621,64.436,48.152,115.973
1987-06,59.576,82.991,105.874,307.262,78.581,57.625,109.535,38.643,57.161,50.264,40.349,55.894,49.49,51.872,64.34,48.191,116.178
1987-07,59.713,83.322,106.316,305.679,78.913,57.424,109.316,39.453,57.386,50.275,40.568,55.932,49.662,52.087,64.535,48.308,116.493
1987-08,59.948,83.553,106.343,305.411,79.578,57.543,109.817,40.409,57.446,50.579,40.76,56.272,49.838,52.162,64.357,48.481,117.558
1987-09,60.151,83.815,106.64,305.728,79.988,57.625,110.199,40.221,57.688,50.728,40.999,56.851,50.048,52.352,64.769,48.576,117.326
1987-10,60.348,84.044,106.399,306.529,80.409,57.66,111.067,40.205,57.761,50.879,41.18,57.161,50.294,52.445,65.308,48.788,117.614
1987-11,60.465,84.158,106.194,307.257,80.297,57.58,111.764,40.314,57.862,51.021,41.416,57.269,50.245,52.648,65.158,48.923,117.02
1987-12,60.576,83.855,106.148,305.954,80.741,57.827,111.306,39.956,58.001,51.258,41.6,57.188,50.427,52.758,65.49,49.02,116.397
1988-01,60.805,83.217,106.39,305.767,81.636,58.059,111.827,39.491,58.493,51.42,41.913,57.456,50.686,53.041,65.964,49.211,117.484
1988-02,60.893,83.104,106.129,306.736,81.738,57.989,110.365,39.3,58.739,51.587,42.245,57.529,50.624,53.241,65.994,49.516,116.401
1988-03,61.103,83.0,107.476,306.76,82.366,58.03,111.623,39.002,58.774,51.716,42.513,57.966,50.817,53.535,66.323,49.604,116.6
1988-04,61.401,83.147,107.588,306.724,82.759,58.303,113.25,39.266,59.142,51.845,42.828,58.128,51.103,53.746,66.459,50.052,116.72
1988-05,61.58,83.403,107.516,306.282,83.094,58.475,113.315,39.135,59.33,51.925,43.182,58.327,51.152,53.903,66.972,50.207,115.974
1988-06,61.841,83.803,107.702,306.235,83.206,58.735,113.668,39.122,59.489,52.187,43.446,58.634,51.287,54.088,67.811,50.276,115.846
1988-07,62.142,84.037,107.763,305.214,84.039,59.358,114.06,39.472,59.972,52.343,43.764,58.889,51.298,54.297,68.232,50.438,115.597
1988-08,62.325,84.526,107.772,304.707,84.008,59.604,112.554,40.048,60.005,52.536,44.031,59.151,51.638,54.462,68.685,50.534,114.951
1988-09,62.63,84.983,107.909,305.696,85.263,59.938,114.155,39.529,60.345,52.764,44.319,59.205,51.82,54.654,69.051,50.825,115.217
1988-10,62.831,85.017,108.217,305.877,86.17,60.01,114.913,39.155,60.577,52.917,44.64,59.342,52.35,54.882,69.159,51.028,114.659
1988-11,62.975,85.01,108.48,306.645,86.142,60.026,114.95,39.107,60.785,53.125,44.884,59.552,52.405,54.937,69.151,51.205,114.708
1988-12,63.165,85.375,108.227,306.849,85.86,60.266,115.398,38.989,61.065,53.267,45.241,59.81,52.628,55.16,69.117,51.38,113.24
1989-01,63.482,85.946,108.504,307.905,86.127,60.542,115.656,39.459,61.614,53.435,45.539,60.368,53.081,55.349,69.33,51.596,113.569
1989-02,63.686,86.285,107.963,307.177,86.867,61.029,114.413,40.14,61.889,53.535,45.99,60.955,53.191,55.599,69.31,51.635,111.708
1989-03,63.919,86.268,107.021,305.655,86.73,61.325,114.837,40.987,62.17,53.709,46.285,61.445,53.435,55.949,69.514,51.629,112.125
1989-04,64.341,86.532,107.11,305.159,87.512,61.735,115.412,45.079,62.402,53.904,46.58,61.407,53.523,56.088,69.749,51.903,110.941
1989-05,64.575,86.627,107.234,304.241,87.651,62.121,115.771,45.805,62.66,54.094,46.887,61.325,53.632,56.307,69.883,52.09,109.847
1989-06,64.713,86.633,107.439,305.792,87.242,62.318,115.386,45.261,62.933,54.257,47.24,61.003,53.964,56.497,70.053,52.271,108.514
1989-07,64.86,86.528,107.893,305.561,88.043,62.571,114.74,44.766,63.289,54.478,47.59,60.909,54.256,56.866,69.78,52.252,108.318
1989-08,64.864,86.507,108.148,302.837,88.779,62.638,113.213,43.004,63.546,54.711,47.882,61.24,54.358,56.916,69.557,52.435,106.953
1989-09,65.006,86.414,108.51,303.625,88.71,62.639,114.444,42.103,63.735,54.842,48.263,61.488,54.563,57.097,69.568,52.695,104.812
1989-10,65.261,86.572,108.854,304.604,88.517,62.891,115.446,42.644,63.886,55.109,48.536,61.741,54.64,57.383,69.738,52.721,104.22
1989-11,65.401,86.977,108.596,305.669,88.738,63.074,115.594,42.04,63.939,55.309,48.888,61.703,54.785,57.566,69.853,52.788,102.887
1989-12,65.589,87.132,107.747,305.493,88.149,63.293,115.07,42.131,64.252,55.538,49.311,61.356,55.096,57.756,70.147,52.967,102.834
1990-01,66.077,87.155,108.58,304.708,89.266,64.151,115.055,46.414,64.618,55.644,49.484,62.183,55.474,57.975,70.103,53.228,103.688
1990-02,66.365,87.088,109.02,304.461,92.304,64.701,117.524,45.275,65.086,55.748,49.801,62.252,55.767,58.227,70.42,53.335,102.809
1990-03,66.608,86.765,108.991,303.865,93.077,64.729,118.852,44.84,65.211,56.123,50.185,63.224,56.032,58.613,70.132,53.661,101.634
1990-04,66.752,86.589,109.181,303.652,93.252,64.46,119.077,44.955,65.435,56.27,50.539,63.4,56.147,58.725,70.532,53.883,100.741
1990-05,66.896,86.584,109.13,303.574,93.742,64.554,118.76,44.452,65.776,56.361,50.926,63.485,56.533,58.949,70.524,54.155,99.892
1990-06,67.191,86.441,108.616,302.691,93.683,65.092,119.065,44.677,66.203,56.785,51.208,63.41,56.913,59.133,70.868,54.438,99.407
1990-07,67.348,86.448,109.426,302.626,93.467,65.407,119.264,44.73,66.505,56.953,51.642,63.353,57.266,59.404,70.403,54.29,97.963
1990-08,67.797,86.582,109.113,302.273,93.763,65.639,119.22,48.734,66.613,57.269,52.083,63.875,57.459,59.565,70.94,54.584,97.136
1990-09,68.215,86.64,109.124,302.452,94.246,65.798,119.67,53.024,67.028,57.396,52.365,64.027,57.858,59.701,71.314,54.874,96.893
1990-10,68.602,86.806,109.739,302.471,94.73,66.023,119.385,56.982,67.192,57.485,52.742,64.909,57.952,59.904,71.32,55.13,96.947
1990-11,68.685,87.037,108.7,302.151,95.078,66.096,119.14,56.928,67.254,57.558,53.139,64.875,58.143,60.022,71.189,55.264,95.799
1990-12,68.741,87.634,108.502,299.07,92.834,65.972,119.955,56.929,67.659,57.695,53.434,64.039,58.389,60.257,70.739,55.291,94.919
1991-01,68.996,88.276,108.999,299.238,95.317,66.716,119.773,53.722,68.229,58.024,53.774,64.197,58.666,60.701,70.936,55.622,94.054
1991-02,69.021,88.552,109.471,302.778,95.447,67.065,119.74,49.958,68.589,58.177,54.075,64.4,58.921,60.853,69.801,56.174,93.58
1991-03,69.032,88.609,109.124,303.781,95.031,67.081,119.726,47.568,69.038,58.254,54.384,64.957,59.204,60.942,69.449,56.36,92.432
1991-04,69.154,88.709,109.164,302.751,96.515,67.408,120.043,47.285,69.399,58.309,54.649,64.401,59.413,61.196,69.013,56.484,92.311
1991-05,69.44,88.927,109.927,300.143,96.296,67.581,120.636,47.883,69.504,58.505,54.94,64.836,59.849,61.389,69.634,56.583,93.843
1991-06,69.557,89.132,109.342,299.492,94.546,67.874,120.771,47.378,69.64,58.505,55.23,65.231,60.014,61.591,70.185,56.775,92.701
1991-07,69.667,89.651,110.283,297.352,96.972,67.424,120.742,46.602,69.856,58.644,55.522,65.469,60.156,61.7,70.505,56.961,91.538
1991-08,69.827,89.62,109.898,295.783,97.238,67.238,121.538,47.194,70.196,58.719,55.901,65.696,60.328,61.841,70.524,57.143,91.159
1991-09,70.067,89.559,110.195,297.498,97.809,67.161,122.133,47.32,70.368,58.867,56.195,66.323,60.628,62.107,70.97,57.612,89.948
1991-10,70.197,89.752,110.079,297.141,98.907,67.134,121.814,47.175,70.426,59.091,56.501,66.522,60.709,62.212,70.987,57.73,89.657
1991-11,70.348,90.041,109.804,297.174,99.381,67.25,122.597,47.813,70.692,59.259,56.864,66.04,60.894,62.066,70.555,57.945,88.775
1991-12,70.52,90.25,109.293,294.733,97.417,67.264,122.567,48.194,70.973,59.533,57.231,65.902,60.711,62.24,71.082,58.108,88.421
1992-01,70.613,90.144,110.276,293.783,97.89,67.207,122.207,46.961,71.209,59.608,57.575,67.045,60.573,62.254,71.396,58.29,87.382
1992-02,70.789,89.817,110.968,293.853,99.171,67.478,121.48,46.747,71.545,59.732,57.927,67.126,60.909,62.36,71.542,58.672,86.175
1992-03,70.962,89.867,111.157,292.954,98.724,67.677,121.651,46.836,71.766,59.855,58.297,67.12,61.281,62.436,71.914,58.951,84.353
1992-04,71.153,90.311,111.439,292.721,98.404,67.575,121.334,46.743,72.186,60.0,58.585,67.575,61.568,62.645,72.338,58.995,84.866
1992-05,71.248,90.697,110.909,293.221,99.16,67.448,121.874,47.145,72.234,60.126,58.896,66.905,61.758,62.716,72.225,59.113,83.639
1992-06,71.374,90.92,110.733,289.906,98.899,67.745,121.841,48.141,72.345,60.211,59.179,65.873,61.82,62.766,72.43,59.34,82.977
1992-07,71.609,90.886,111.244,288.771,99.887,67.649,121.936,48.468,72.781,60.323,59.484,67.539,62.029,62.943,72.488,59.556,83.154
1992-08,71.704,91.393,110.765,288.106,99.944,68.119,121.773,48.225,72.809,60.451,59.766,65.681,62.212,63.058,72.622,59.778,82.91
1992-09,71.823,91.629,110.471,286.772,99.747,68.266,121.913,48.086,72.773,60.492,60.099,66.474,62.254,63.313,72.859,59.876,81.56
1992-10,72.078,91.709,110.948,287.613,99.673,68.185,122.065,48.629,72.683,60.69,60.447,68.215,62.421,63.312,73.602,59.963,81.394
1992-11,72.223,91.875,111.533,286.325,100.198,68.008,122.349,48.787,72.843,60.945,60.733,68.443,62.465,63.342,73.928,59.998,80.184
1992-12,72.35,92.038,110.722,283.617,99.833,68.033,122.467,48.929,73.242,61.104,61.04,68.258,62.53,63.382,74.393,60.111,79.547
1993-01,72.524,92.419,110.348,283.425,100.924,68.083,121.561,48.849,73.516,61.249,61.337,69.048,62.685,63.442,74.885,60.377,78.585
1993-02,72.633,92.55,110.47,283.285,99.578,68.267,122.353,48.873,73.646,61.261,61.526,69.242,62.929,63.512,74.555,60.573,79.404
1993-03,72.781,92.895,111.045,281.175,98.566,68.239,121.878,48.536,73.782,61.544,61.669,69.597,63.214,63.642,75.074,60.736,79.432
1993-04,72.977,93.47,111.495,281.2,99.903,68.364,121.584,48.291,73.872,61.737,61.882,69.249,63.584,63.903,75.629,60.847,79.393
1993-05,73.203,93.899,111.297,279.842,99.589,68.861,120.942,47.248,73.996,61.937,62.271,69.141,63.411,64.062,76.78,61.323,79.227
1993-06,73.229,94.267,111.481,278.766,100.077,68.727,120.604,46.653,73.789,62.055,62.455,69.581,63.685,64.159,76.484,61.431,79.04
1993-07,73.345,94.807,111.376,278.752,99.799,68.695,120.697,46.341,73.814,62.16,62.716,69.704,63.782,64.246,76.881,61.57,78.52
1993-08,73.471,95.155,111.606,278.177,99.644,68.829,121.664,46.155,73.578,62.264,62.878,69.717,64.098,64.274,77.298,61.744,77.862
1993-09,73.55,95.565,111.77,277.869,100.783,68.794,120.86,45.712,73.099,62.376,63.08,69.456,64.285,64.399,77.908,61.866,78.367
1993-10,73.78,96.03,112.327,278.03,101.053,69.149,120.51,47.804,73.143,62.505,63.258,69.901,64.475,64.483,77.521,62.09,78.221
1993-11,73.917,96.551,112.604,276.829,100.973,69.307,121.405,47.121,73.333,62.591,63.413,70.089,64.634,64.563,77.69,62.266,78.336
1993-12,73.934,96.655,112.404,275.527,99.812,69.456,121.019,46.476,73.494,62.762,63.601,69.578,64.797,64.645,77.257,62.477,78.448
1994-01,73.958,96.8,112.992,275.072,99.599,69.476,119.912,46.036,73.523,62.879,63.915,69.698,64.93,64.691,76.819,62.623,77.861
1994-02,74.127,96.846,112.747,275.414,101.039,69.339,118.922,46.914,73.536,63.098,64.135,69.851,65.073,64.685,77.182,62.989,77.965
1994-03,74.333,97.286,112.459,275.313,102.541,69.241,119.277,46.637,73.668,63.311,64.317,70.668,65.157,64.823,77.695,63.138,78.419
1994-04,74.42,97.546,112.726,275.126,101.578,69.371,119.706,46.442,73.771,63.364,64.493,70.498,64.912,65.012,77.919,63.249,78.121
1994-05,74.528,97.994,113.629,274.908,101.399,69.505,119.809,45.444,74.036,63.51,64.702,70.379,65.02,65.15,77.945,63.331,78.059
1994-06,74.708,98.62,114.074,274.309,100.877,69.812,120.228,45.733,74.13,63.586,64.954,70.424,65.07,65.284,77.957,63.511,78.371
1994-07,74.944,99.037,114.434,274.152,102.106,70.161,119.891,47.218,74.184,63.697,65.245,70.334,65.185,65.239,78.223,63.82,77.914
1994-08,75.111,99.533,113.881,273.353,102.379,70.303,118.952,49.156,74.314,63.836,65.375,70.714,65.116,65.331,77.887,64.027,78.791
1994-09,75.195,100.061,113.251,273.06,102.17,70.346,119.067,48.918,74.406,63.877,65.515,70.615,65.043,65.466,77.973,64.308,79.243
1994-10,75.322,100.62,112.998,271.586,102.07,70.187,118.497,48.779,74.61,64.004,65.825,70.709,65.298,65.584,78.41,64.522,79.077
1994-11,75.469,101.136,113.15,270.665,102.356,70.257,118.465,49.103,74.564,64.178,65.975,70.489,65.517,65.769,78.683,64.614,79.495
1994-12,75.519,101.444,112.549,270.068,101.765,70.58,117.87,49.081,74.505,64.324,66.12,70.087,65.607,65.8,78.664,64.682,79.649
1995-01,75.667,101.788,112.88,270.556,102.612,70.534,117.692,48.769,74.638,64.538,66.683,70.108,65.772,65.842,78.66,65.047,76.924
1995-02,75.795,102.073,113.009,269.526,102.139,70.863,116.535,48.621,74.805,64.679,66.768,70.634,65.849,65.98,78.841,65.105,78.458
1995-03,75.931,102.733,113.077,267.07,103.312,70.839,116.861,48.241,74.729,64.814,66.95,71.305,66.051,66.243,78.872,65.138,79.177
1995-04,76.128,102.741,113.105,267.549,103.217,71.375,116.892,48.23,74.874,64.956,67.101,71.468,66.32,66.486,79.196,65.543,78.181
1995-05,76.24,102.915,112.483,266.363,101.95,71.329,116.579,48.659,75.095,65.108,67.194,71.957,66.574,66.673,79.228,65.78,78.601
1995-06,76.309,103.067,112.307,261.914,103.498,71.37,115.738,48.893,75.223,65.269,67.373,72.274,66.313,66.785,79.347,65.895,78.485
1995-07,76.404,102.811,112.949,261.264,103.115,71.442,115.999,48.526,75.494,65.407,67.373,72.342,66.487,66.92,79.635,66.01,78.68
1995-08,76.568,102.87,113.475,259.18,104.335,71.546,116.245,48.021,75.775,65.632,67.602,72.608,66.719,67.0,79.769,66.08,79.228
1995-09,76.621,102.715,113.718,257.811,103.96,71.716,116.41,47.474,75.884,65.65,67.725,72.594,67.065,67.217,80.092,66.111,78.555
1995-10,76.818,103.054,113.865,255.806,103.954,71.91,116.493,47.513,76.028,65.914,67.94,73.035,67.205,67.349,80.544,66.208,78.615
1995-11,76.819,103.322,112.968,254.382,103.769,71.852,115.981,46.636,76.235,66.074,68.083,72.693,67.321,67.392,80.633,66.302,78.611
1995-12,76.968,103.857,112.93,253.622,104.313,71.977,115.751,47.507,76.211,66.277,68.242,72.096,67.487,67.413,80.876,66.529,78.525
1996-01,77.143,104.159,113.574,252.318,103.876,72.171,116.065,49.15,76.261,66.435,68.289,71.459,67.57,67.555,81.099,66.67,78.968
1996-02,77.263,104.526,113.469,251.267,102.826,72.445,115.854,49.128,76.565,66.595,68.416,71.759,67.951,67.669,81.187,66.769,78.137
1996-03,77.492,104.88,113.422,249.849,103.692,72.778,116.317,50.446,76.709,66.773,68.517,72.322,68.11,67.874,80.719,67.025,79.154
1996-04,77.721,104.533,113.67,247.387,103.413,73.061,115.903,52.727,76.787,66.956,68.649,72.428,68.297,68.129,81.419,66.982,79.789
1996-05,77.854,104.584,113.007,245.214,102.536,73.048,115.775,53.055,76.892,67.14,68.778,72.549,68.557,68.372,81.82,67.365,80.027
1996-06,77.854,104.593,113.186,243.851,102.48,73.483,115.077,51.281,76.64,67.174,69.017,72.542,68.688,68.458,82.112,67.6,79.343
1996-07,78.02,104.584,113.416,241.986,103.622,73.77,114.576,51.041,76.831,67.377,69.041,72.65,68.956,68.695,82.682,67.773,80.137
1996-08,78.097,104.912,113.59,241.534,102.417,74.029,113.076,50.63,76.936,67.557,69.17,72.815,69.079,68.835,82.866,68.0,80.006
1996-09,78.31,105.296,113.834,239.32,102.294,74.204,114.294,50.693,77.061,67.66,69.332,73.809,69.341,68.976,83.148,68.199,80.262
1996-10,78.544,105.561,113.541,238.127,102.739,74.557,114.168,51.788,77.079,67.782,69.468,74.395,69.669,69.254,83.488,68.523,80.438
1996-11,78.689,105.501,113.109,236.776,102.348,74.666,114.548,52.618,77.15,67.942,69.648,73.804,69.65,69.467,83.915,68.74,80.94
1996-12,78.78,105.568,112.796,234.49,100.539,74.679,114.697,53.842,77.213,68.119,69.753,73.461,69.918,69.619,83.911,68.895,81.172
1997-01,78.881,105.524,113.006,232.514,101.692,74.577,115.081,54.107,77.291,68.388,69.751,73.369,70.169,69.757,84.015,68.935,81.297
1997-02,79.045,105.963,113.551,231.388,101.385,74.851,114.602,54.01,77.403,68.551,69.862,73.572,70.298,69.896,84.463,68.995,82.59
1997-03,79.126,106.204,113.345,229.952,102.317,74.682,114.591,52.862,77.557,68.602,70.086,74.189,70.442,70.083,84.979,69.169,81.914
1997-04,79.2,105.577,113.553,225.926,101.281,74.748,116.04,51.607,77.949,68.725,70.215,74.597,70.71,70.267,85.216,69.355,81.997
1997-05,79.169,105.359,113.705,223.889,101.24,74.818,116.5,49.75,77.944,68.789,70.318,74.091,70.887,70.289,85.382,69.61,81.995
1997-06,79.268,104.901,113.56,223.378,101.684,74.904,115.859,49.225,77.674,68.999,70.465,74.307,71.083,70.513,86.101,69.859,81.989
1997-07,79.312,104.983,113.247,221.415,101.912,74.982,115.524,49.088,77.707,69.178,70.49,74.327,71.207,70.631,85.794,69.878,84.054
1997-08,79.377,104.901,112.895,220.226,101.619,75.151,114.435,51.161,77.49,69.3,70.579,74.232,71.373,70.733,85.977,69.828,83.159
1997-09,79.557,105.037,113.172,219.293,100.666,75.189,114.797,51.903,77.525,69.516,70.715,75.05,71.513,70.947,86.254,69.821,83.399
1997-10,79.66,105.452,113.134,217.675,100.694,75.235,114.386,51.719,77.727,69.65,70.588,75.843,71.667,71.165,86.264,69.865,85.589
1997-11,79.67,104.977,112.632,216.539,100.382,75.302,114.426,50.685,77.791,69.925,70.697,75.122,71.462,71.337,86.671,69.973,85.552
1997-12,79.657,104.603,112.806,215.351,100.61,75.271,114.535,50.262,77.695,69.889,70.899,74.664,71.673,71.686,86.568,70.019,85.47
1998-01,79.688,104.49,113.031,213.555,100.655,75.579,114.091,48.322,78.062,69.983,70.974,75.269,71.821,71.696,86.47,70.119,86.774
1998-02,79.639,104.397,112.868,211.259,100.833,75.437,112.951,46.74,78.6,70.007,71.084,75.511,72.129,71.784,86.344,70.139,87.248
1998-03,79.645,104.18,113.314,210.931,100.329,75.55,112.612,44.923,78.138,70.207,71.304,75.715,72.42,71.873,86.341,70.345,87.418
1998-04,79.746,104.265,114.088,209.617,100.5,75.632,112.253,43.89,78.822,70.383,71.429,75.59,72.486,72.08,85.972,70.637,88.525
1998-05,79.858,103.609,113.337,207.196,100.035,75.727,112.859,44.679,79.07,70.566,71.592,75.401,72.517,72.312,85.991,70.933,89.073
1998-06,79.794,103.341,113.436,205.628,99.028,75.774,112.929,45.257,78.745,70.714,71.699,75.408,72.662,72.333,84.754,71.032,89.085
1998-07,79.986,104.017,113.897,203.521,98.777,75.88,112.935,45.197,79.138,70.857,71.772,75.796,72.684,72.421,85.749,71.084,89.396
1998-08,80.095,104.179,113.149,201.235,99.004,76.099,114.43,44.216,79.166,70.996,71.848,76.047,72.962,72.576,86.036,71.22,89.945
1998-09,80.044,104.342,112.564,199.547,98.764,76.021,112.865,43.848,79.577,71.098,72.036,76.12,73.28,72.983,84.811,71.391,89.908
1998-10,80.215,104.241,112.814,198.136,98.924,76.372,112.728,44.159,79.624,71.271,72.128,76.246,73.308,73.122,85.57,71.643,89.914
1998-11,80.217,104.442,112.532,196.205,98.667,76.483,112.946,43.593,79.41,71.427,72.288,76.149,73.561,73.326,85.054,71.81,89.778
1998-12,80.302,104.244,112.439,194.707,97.743,76.46,112.051,42.607,80.946,71.556,72.443,75.855,73.755,73.521,85.084,72.0,89.726
1999-01,80.448,104.326,112.914,193.512,96.979,76.757,111.665,42.299,81.856,71.683,72.582,75.918,74.038,73.549,85.151,72.179,89.885
1999-02,80.428,104.018,112.202,192.321,97.3,76.801,111.012,41.532,81.714,71.81,72.748,76.033,74.164,73.599,85.144,72.338,89.935
1999-03,80.484,103.806,112.123,190.637,96.876,76.704,110.779,42.714,81.327,71.94,72.843,76.753,74.245,73.786,85.101,72.423,90.165
1999-04,80.856,103.911,112.582,189.915,97.609,76.866,111.786,47.679,81.984,72.067,72.912,76.401,74.612,74.057,84.976,72.468,91.052
1999-05,80.889,103.992,111.561,189.225,97.689,77.005,111.767,47.048,81.867,72.188,73.067,76.955,74.827,74.145,84.791,72.582,91.151
1999-06,80.906,104.214,111.609,187.152,97.06,77.011,111.934,46.739,82.072,72.294,73.192,77.012,75.067,74.19,84.406,72.621,91.446
1999-07,81.12,104.553,111.659,185.829,96.831,77.096,111.579,48.65,82.387,72.452,73.347,77.008,75.247,74.45,84.731,72.72,92.024
1999-08,81.263,104.835,111.267,184.395,96.813,77.212,111.135,51.092,82.237,72.62,73.439,76.957,75.433,74.61,84.675,72.837,92.598
1999-09,81.547,105.003,111.507,182.743,96.571,77.438,111.429,52.903,82.855,72.838,73.589,77.105,75.571,74.862,85.023,72.981,93.606
1999-10,81.677,105.038,111.138,181.62,96.842,77.499,111.675,53.11,82.834,72.962,73.742,77.428,75.83,74.926,85.325,73.137,94.498
1999-11,81.749,105.056,110.797,180.827,96.426,77.715,111.292,52.651,82.657,73.176,73.895,77.614,76.106,75.071,85.466,73.395,94.124
1999-12,81.951,104.788,110.458,179.794,96.22,77.826,111.652,55.261,82.686,73.237,74.128,77.473,76.51,75.27,85.725,73.563,94.625
2000-01,82.186,104.642,110.982,179.045,96.35,77.896,111.066,56.347,82.838,73.567,74.403,77.731,76.705,75.52,86.304,73.808,93.986
2000-02,82.445,104.363,110.972,177.656,96.575,78.119,110.691,59.443,83.013,73.829,74.546,78.081,76.907,75.634,86.831,73.807,94.601
2000-03,82.797,104.655,111.671,177.009,96.815,78.336,110.716,64.573,83.455,73.994,74.609,78.42,77.309,75.899,86.642,73.768,95.698
2000-04,82.72,104.773,111.429,175.876,96.92,78.379,110.143,61.097,84.277,74.162,74.747,78.669,77.221,75.964,85.715,73.854,96.652
2000-05,82.784,105.085,110.985,177.26,95.234,78.769,110.186,59.968,83.953,74.329,74.907,78.849,77.413,76.138,85.513,74.066,97.088
2000-06,83.056,105.182,110.603,176.186,94.354,78.81,109.976,65.078,83.822,74.717,74.987,78.986,77.913,76.359,85.396,73.985,98.317
2000-07,83.256,104.848,110.986,174.863,94.77,79.221,109.665,64.575,84.359,75.004,75.552,78.892,78.294,76.612,85.511,74.189,97.05
2000-08,83.243,104.551,110.442,173.614,94.734,79.476,109.704,61.419,84.294,75.165,75.734,79.793,78.541,76.752,85.552,74.281,97.275
2000-09,83.604,104.696,111.052,173.085,95.085,79.49,110.209,65.556,84.52,75.525,75.927,79.94,78.904,76.94,85.854,74.141,98.195
2000-10,83.718,104.703,110.628,172.065,95.447,79.522,109.929,65.005,84.248,75.875,76.12,80.553,78.948,77.115,86.028,74.498,98.211
2000-11,83.83,105.091,110.435,171.065,95.964,79.581,109.822,64.717,84.741,76.026,76.275,80.281,79.124,77.301,85.863,74.639,99.177
2000-12,83.938,105.577,109.938,170.257,95.579,80.024,109.671,64.233,84.511,76.428,76.443,80.148,79.251,77.261,85.593,74.951,99.79
2001-01,84.311,105.564,110.024,168.978,96.432,80.088,109.832,64.174,84.947,77.289,76.799,80.3,79.539,77.589,86.032,75.126,101.095
2001-02,84.424,105.439,110.09,167.419,95.858,80.573,110.114,63.27,85.138,77.463,77.067,80.327,79.758,77.773,86.059,75.362,101.059
2001-03,84.427,105.339,109.457,165.809,96.567,80.707,109.976,61.516,85.05,77.638,77.233,80.391,79.846,78.08,85.945,75.63,101.074
2001-04,84.584,105.354,109.579,165.279,95.851,80.779,108.931,62.52,85.738,77.814,77.508,80.419,80.343,78.172,85.917,75.717,101.1
2001-05,84.814,105.283,108.91,164.098,95.515,80.915,108.163,67.58,85.446,78.163,77.602,80.11,80.567,78.372,85.935,75.911,101.979
2001-06,84.974,105.228,108.977,163.323,96.86,81.234,108.068,66.276,85.789,78.446,77.853,80.048,80.486,78.694,85.99,76.181,102.548
2001-07,84.949,105.614,108.936,162.814,96.862,81.486,107.885,60.062,86.44,78.547,77.93,80.003,80.6,78.82,86.284,76.721,102.674
2001-08,84.946,105.429,108.543,161.343,96.084,81.741,107.129,58.878,86.082,78.703,78.159,80.193,80.785,79.127,86.339,76.967,102.44
2001-09,84.67,103.909,108.74,159.963,94.944,81.724,106.897,63.602,86.762,78.792,78.404,79.616,81.128,79.019,80.656,77.144,102.014
2001-10,84.978,105.083,108.265,159.413,96.303,82.079,106.597,57.432,86.435,78.895,78.51,79.736,81.159,79.09,86.001,77.514,101.58
2001-11,84.921,105.357,108.011,158.7,95.185,82.033,106.251,51.612,86.98,79.177,78.68,80.012,81.486,79.391,86.014,77.68,101.55
2001-12,84.833,105.501,107.799,157.886,95.02,81.9,105.74,49.176,86.581,79.4,78.842,79.856,81.503,79.552,85.782,77.867,101.416
2002-01,84.893,105.215,107.583,156.678,95.648,82.255,105.346,49.634,86.721,79.568,78.774,79.666,81.655,79.723,85.537,78.132,101.742
2002-02,85.035,104.587,107.106,155.889,94.508,82.479,105.845,49.174,87.198,79.754,78.881,79.884,81.801,80.028,85.916,78.333,102.703
2002-03,85.272,104.566,107.045,154.499,95.474,82.603,106.164,52.804,86.803,80.01,79.069,80.048,82.136,80.0,86.239,78.471,102.809
2002-04,85.64,104.636,107.15,153.903,95.272,82.87,106.039,56.437,87.737,80.217,79.264,80.494,82.564,80.127,86.747,78.54,102.995
2002-05,85.709,104.586,107.211,153.994,94.823,82.355,105.59,56.81,87.331,80.374,79.47,80.688,82.671,80.276,87.296,78.819,102.85
2002-06,85.818,104.587,107.093,152.505,94.71,82.272,105.051,56.959,87.75,80.508,79.581,80.678,82.839,80.435,87.634,79.194,103.101
2002-07,85.996,104.859,106.82,151.638,94.371,82.386,104.769,57.761,87.791,80.699,79.975,80.281,83.11,80.511,87.939,79.791,102.388
2002-08,86.161,104.895,106.191,151.529,94.015,82.375,105.582,58.348,87.883,80.839,80.234,80.425,83.242,80.803,88.148,80.148,101.965
2002-09,86.308,104.958,106.509,150.3,94.244,82.529,104.594,58.742,88.018,81.081,80.496,80.841,83.35,80.94,88.581,80.243,101.677
2002-10,86.469,104.838,106.433,149.735,94.213,82.475,104.256,61.204,87.707,81.32,80.625,80.994,83.7,81.016,89.121,80.3,101.69
2002-11,86.555,104.506,105.985,149.2,93.792,82.693,104.332,60.914,87.677,81.518,80.924,80.675,83.839,81.28,89.479,80.422,101.171
2002-12,86.625,104.222,105.192,148.484,93.857,82.711,103.993,60.871,87.643,81.75,81.3,80.95,84.156,81.364,89.45,80.535,100.718
2003-01,86.853,103.148,105.236,147.653,93.369,82.768,103.585,66.666,87.698,81.983,81.432,81.076,84.384,81.399,89.366,80.9,100.536
2003-02,87.209,102.742,105.286,146.644,93.45,83.125,103.258,72.477,87.556,82.268,81.584,81.228,84.819,81.56,89.893,81.294,100.512
2003-03,87.421,102.881,105.057,145.727,92.959,83.327,102.404,72.419,87.53,82.861,81.885,81.624,84.963,81.554,90.298,81.661,100.847
2003-04,87.271,102.534,104.997,144.947,92.998,83.349,101.994,65.551,87.781,82.913,82.184,81.579,84.867,81.53,90.9,82.012,99.917
2003-05,87.17,102.301,103.799,143.534,92.751,83.484,101.818,58.954,87.56,83.041,82.689,81.96,85.258,82.018,91.409,82.209,99.339
2003-06,87.265,101.931,103.381,142.468,92.968,84.002,102.223,59.21,87.59,83.08,82.866,82.184,85.374,82.126,91.623,82.296,99.21
2003-07,87.502,101.935,103.255,141.821,92.946,83.909,102.677,61.471,88.026,83.244,83.13,82.604,85.561,82.352,91.879,82.423,99.115
2003-08,87.778,101.413,102.82,140.991,92.983,84.387,102.442,66.5,88.003,83.411,83.328,82.567,85.759,82.48,92.191,82.744,99.265
2003-09,88.026,101.194,102.786,140.207,92.786,84.579,102.492,70.602,87.92,83.67,83.473,82.582,86.011,82.573,92.389,82.99,99.531
2003-10,87.998,100.468,102.903,139.979,92.338,84.894,102.731,66.37,87.784,83.787,83.948,82.823,86.057,82.898,92.448,83.148,98.922
2003-11,88.089,100.306,102.524,139.683,91.989,85.227,102.577,66.205,87.725,83.899,84.177,82.876,86.145,83.09,92.718,83.291,98.984
2003-12,88.286,100.265,102.23,139.22,91.745,85.697,102.11,67.806,87.93,84.031,84.314,83.3,86.406,83.38,92.989,83.446,99.132
2004-01,88.606,100.322,102.615,138.686,92.43,85.486,101.996,72.162,88.067,84.266,84.814,83.102,86.748,83.573,93.481,83.737,97.815
2004-02,88.815,100.511,102.921,138.204,92.434,85.58,101.909,73.284,88.37,84.543,85.063,83.114,86.878,83.633,93.712,84.025,97.51
2004-03,88.969,100.652,102.749,138.008,92.517,85.87,102.14,73.352,88.584,84.63,85.277,83.05,87.032,84.059,93.819,84.242,97.366
2004-04,89.123,100.769,102.591,137.768,93.007,86.044,102.252,71.545,88.704,84.908,85.56,82.919,87.232,84.391,94.234,84.427,97.976
2004-05,89.426,100.943,102.354,136.937,93.003,86.759,102.497,75.1,88.776,85.145,85.736,82.725,87.404,84.692,94.517,84.588,98.3
2004-06,89.715,100.913,102.645,136.466,92.844,86.932,102.802,77.76,88.758,85.494,85.919,82.933,87.692,84.824,94.97,84.899,98.433
2004-07,89.834,100.705,102.288,135.441,93.052,87.01,102.626,76.944,88.703,85.715,86.093,83.516,87.814,85.208,95.422,85.211,98.804
2004-08,89.908,100.295,101.765,134.677,92.333,87.045,102.083,76.884,88.747,85.995,86.291,83.58,87.952,85.362,95.74,85.542,98.474
2004-09,90.083,100.724,101.778,134.297,91.84,86.845,101.777,78.571,88.992,86.088,86.477,83.545,88.184,85.759,95.954,85.832,98.506
2004-10,90.43,101.203,102.719,133.586,91.757,87.364,102.101,84.192,89.312,86.168,86.653,83.815,88.37,85.957,95.959,85.805,98.061
2004-11,90.734,101.968,102.371,132.642,92.019,87.683,102.408,87.453,89.309,86.534,86.852,84.172,88.613,86.038,96.07,86.1,97.875
2004-12,90.793,102.296,102.122,131.875,93.147,87.613,101.463,85.891,89.22,86.704,87.07,84.585,88.748,86.192,96.214,86.388,98.352
2005-01,90.854,102.331,102.457,131.518,91.951,87.399,102.038,81.491,89.46,86.895,87.393,84.811,89.008,86.467,96.451,86.853,99.162
2005-02,91.12,102.485,102.483,130.542,91.995,87.206,101.722,85.305,89.607,87.189,87.799,84.857,89.109,86.793,96.725,87.062,98.529
2005-03,91.392,102.4,102.875,129.928,91.949,87.483,102.226,86.852,89.561,87.38,88.003,85.439,89.276,87.371,96.909,87.347,99.779
2005-04,91.655,102.56,102.948,129.631,91.479,88.343,101.708,88.695,89.558,87.705,88.156,85.558,89.465,87.382,97.301,87.716,99.779
2005-05,91.738,102.974,103.286,129.348,91.82,88.259,101.592,84.918,89.911,87.975,88.361,85.846,89.686,87.367,97.405,88.247,99.926
2005-06,91.792,102.884,102.676,128.834,91.179,88.126,101.317,85.375,89.931,88.092,88.56,85.974,89.682,87.587,97.7,88.401,99.535
2005-07,92.181,102.323,102.518,128.351,91.215,88.296,100.904,92.908,90.188,88.404,88.725,86.251,89.973,87.783,98.048,88.566,100.366
2005-08,92.563,101.754,102.171,127.666,91.931,88.266,101.121,101.723,90.29,88.704,88.902,86.361,90.408,87.913,98.237,88.537,100.876
2005-09,93.458,102.066,101.793,127.437,92.706,88.492,100.618,121.541,90.432,89.338,89.236,87.551,91.119,87.71,98.589,88.675,100.769
2005-10,93.594,102.513,101.77,126.645,92.261,88.586,100.668,115.374,90.671,90.03,89.615,87.717,91.48,88.391,99.092,88.777,101.03
2005-11,93.381,102.753,101.874,125.684,92.464,88.929,100.905,100.057,90.931,90.474,89.878,88.584,91.445,88.683,99.436,89.033,100.808
2005-12,93.4,102.833,102.313,124.697,92.438,89.017,100.391,98.471,91.159,90.429,89.982,88.58,91.624,88.887,99.474,89.34,101.279
2006-01,93.811,102.975,102.28,124.011,92.739,89.327,100.46,104.283,91.332,91.026,90.032,88.893,91.905,89.186,99.652,89.653,101.185
2006-02,93.852,102.953,101.977,123.698,92.274,89.17,99.597,103.076,91.431,91.14,90.257,89.398,92.074,89.512,99.625,90.047,101.283
2006-03,94.007,102.895,101.684,123.122,91.787,89.323,100.842,102.226,91.718,91.25,90.515,89.361,92.434,89.88,99.904,90.326,101.129
2006-04,94.398,102.805,101.85,122.639,92.607,89.158,101.217,109.48,91.838,91.437,90.782,89.586,92.576,90.066,100.165,90.633,101.676
2006-05,94.609,102.704,101.978,121.762,93.258,89.205,101.261,111.239,92.0,91.742,91.04,90.017,92.973,90.418,100.16,90.834,101.05
2006-06,94.832,102.541,101.815,120.572,93.344,89.496,101.458,111.585,92.23,92.063,91.331,90.286,93.336,90.607,100.641,91.127,101.187
2006-07,95.167,102.575,101.961,120.493,93.236,89.651,100.42,119.176,92.178,92.367,91.639,90.457,93.624,90.834,100.332,91.4,100.915
2006-08,95.467,102.516,102.051,120.063,93.951,89.864,101.042,122.538,92.249,92.714,91.904,90.411,93.802,91.061,100.534,91.566,100.938
2006-09,95.232,102.475,101.574,118.528,93.886,90.117,101.485,108.45,92.596,93.118,92.125,90.348,93.829,91.141,101.101,91.941,100.767
2006-10,94.979,102.325,102.074,118.0,93.973,90.377,101.13,97.353,92.542,93.115,92.248,90.532,93.875,91.441,101.335,92.143,100.954
2006-11,95.004,101.994,101.965,117.395,94.33,90.348,100.607,96.412,92.243,93.491,92.398,90.633,94.145,91.682,101.419,92.147,100.779
2006-12,95.393,101.83,101.641,116.661,94.624,90.154,100.945,103.833,92.369,93.856,92.646,90.365,94.412,91.957,102.037,92.23,101.205
2007-01,95.689,101.86,101.431,115.741,95.333,90.813,100.883,100.983,92.929,94.167,93.559,90.846,94.688,92.402,102.46,92.238,102.009
2007-02,96.005,101.733,101.777,115.216,95.957,91.533,101.028,102.518,92.957,94.501,93.861,91.238,94.831,92.802,102.67,92.552,102.352
2007-03,96.34,101.935,101.672,114.596,94.931,92.096,100.886,109.041,92.867,94.868,94.002,91.29,95.062,92.837,102.588,92.924,102.595
2007-04,96.527,101.962,101.554,113.921,94.65,92.307,100.497,112.098,92.927,95.03,94.169,91.289,95.505,93.256,102.481,93.236,102.333
2007-05,96.798,101.908,101.445,113.509,95.078,92.705,100.269,117.015,92.982,95.175,94.308,91.237,95.854,93.627,102.494,93.515,102.166
2007-06,96.997,101.814,101.657,112.804,96.276,93.195,99.433,117.357,93.041,95.453,94.557,91.741,95.838,94.065,102.782,93.614,102.466
2007-07,97.141,101.921,101.327,112.029,95.816,93.423,99.41,118.089,93.273,95.546,94.737,92.196,95.809,94.493,103.088,93.732,102.587
2007-08,97.225,102.027,100.908,110.748,95.504,93.782,98.989,115.558,93.385,95.693,94.975,92.494,95.714,94.788,103.686,94.141,103.204
2007-09,97.601,102.106,100.428,110.357,95.952,94.085,98.975,119.417,93.631,95.979,95.312,92.44,96.176,95.087,104.63,94.41,103.179
2007-10,97.883,102.054,100.392,110.283,96.349,94.458,99.274,120.446,93.915,96.284,95.821,93.15,96.583,95.298,104.784,94.593,102.017
2007-11,98.373,102.262,100.368,109.549,96.39,94.85,99.495,131.346,94.076,96.6,95.875,93.506,97.076,95.514,105.036,94.728,101.88
2007-12,98.638,102.199,99.938,108.983,96.377,94.938,100.089,133.041,94.351,96.86,96.301,93.737,97.195,95.725,105.249,95.13,102.215
2008-01,98.894,101.878,100.516,109.048,96.673,95.635,100.062,134.224,94.596,97.011,96.292,94.365,97.641,96.163,105.28,95.519,102.546
2008-02,99.11,101.273,100.435,108.602,97.739,96.117,99.372,136.045,94.73,97.305,96.492,94.583,97.769,96.441,105.469,95.849,102.485
2008-03,99.416,100.837,100.692,107.989,98.392,96.247,98.792,138.406,95.075,97.677,96.689,95.307,98.086,96.895,105.673,96.231,103.295
2008-04,99.654,100.347,99.98,107.374,98.921,97.504,98.997,137.616,95.242,98.18,96.843,95.449,98.295,96.823,105.86,96.885,102.917
2008-05,100.091,100.032,99.87,106.888,98.98,97.836,98.962,144.315,95.204,98.594,97.063,96.608,98.661,97.176,105.821,97.433,103.665
2008-06,100.786,99.705,100.008,106.885,99.034,98.473,98.682,159.629,95.463,99.104,97.223,97.358,98.945,97.574,105.885,97.717,103.759
2008-07,101.218,99.608,100.279,106.602,99.581,99.601,99.094,165.348,95.584,99.674,97.529,97.452,99.29,98.081,105.062,97.952,103.724
2008-08,101.135,99.315,100.495,106.092,99.602,100.13,99.774,157.662,95.82,99.791,97.679,97.651,99.692,98.338,104.553,98.205,103.628
2008-09,101.236,98.988,100.845,105.662,99.154,100.761,99.677,157.758,96.121,99.666,97.817,98.604,99.841,98.695,104.219,98.278,103.885
2008-10,100.684,98.391,100.857,105.602,99.599,101.175,98.892,137.754,96.281,99.729,98.003,98.989,99.669,98.999,103.486,98.514,102.534
2008-11,99.545,97.967,100.542,105.003,99.294,101.396,98.996,98.35,96.443,99.813,98.2,98.714,99.282,99.245,102.459,98.878,102.43
2008-12,99.007,97.489,100.159,104.276,99.424,101.34,98.256,80.646,96.653,99.888,98.393,99.184,99.008,99.424,101.657,99.071,102.617
2009-01,99.068,97.707,100.468,103.681,99.29,101.277,98.309,83.005,96.964,100.01,98.772,99.765,99.225,99.671,100.307,99.156,101.02
2009-02,99.284,97.788,100.904,103.187,99.705,100.971,99.884,88.792,97.328,100.082,98.948,99.619,99.686,99.764,99.272,99.21,101.066
2009-03,99.193,97.866,101.317,102.215,99.683,100.66,100.2,84.15,98.644,100.092,99.145,99.404,99.744,99.757,98.658,99.354,100.143
2009-04,99.34,98.203,101.196,101.852,100.028,100.222,99.981,84.0,100.031,100.023,99.323,99.679,99.095,99.976,99.136,99.501,100.559
2009-05,99.474,98.759,101.012,101.206,99.91,99.865,99.911,87.787,100.183,99.959,99.626,99.202,99.273,99.872,99.429,99.697,99.976
2009-06,100.067,99.446,100.975,100.603,99.739,99.983,100.263,104.082,100.349,99.983,99.847,98.889,100.099,99.832,99.715,99.779,99.943
2009-07,100.02,99.338,100.328,99.424,99.766,99.57,99.992,103.599,100.648,99.91,100.004,99.474,100.195,99.709,99.515,99.981,100.357
2009-08,100.288,99.898,99.069,98.909,99.366,99.604,100.334,109.267,100.809,99.986,100.371,100.22,100.581,99.88,99.447,100.16,99.63
2009-09,100.454,100.991,99.355,97.98,100.277,99.293,100.717,110.437,101.256,99.937,100.462,100.532,100.597,100.079,99.636,100.406,100.159
2009-10,100.764,102.352,98.862,97.534,100.855,99.423,100.314,111.799,101.329,99.978,100.944,100.749,100.446,100.417,101.289,100.767,99.433
2009-11,100.997,103.457,98.344,97.118,100.957,99.473,99.808,116.413,101.239,100.038,101.184,101.057,100.636,100.465,101.856,100.914,98.92
2009-12,101.052,104.196,98.169,96.292,100.423,99.657,100.286,116.668,101.22,100.002,101.375,101.409,100.423,100.579,101.741,101.076,98.794
2010-01,101.234,104.669,98.079,95.81,99.909,99.751,100.023,119.683,101.505,100.03,101.55,101.37,100.475,100.622,102.129,101.264,98.934
2010-02,101.248,105.009,97.396,95.249,99.568,99.877,100.156,117.281,101.688,100.039,101.744,101.545,100.411,100.643,102.525,101.47,98.868
2010-03,101.363,105.161,97.176,94.945,100.041,100.085,100.023,115.6,101.821,100.135,101.967,101.698,100.265,100.734,103.291,101.873,98.582
2010-04,101.349,105.384,96.711,94.405,100.051,100.173,99.191,114.053,101.654,100.149,102.193,101.747,100.733,100.951,103.28,102.108,98.378
2010-05,101.392,105.512,96.546,93.549,100.375,100.227,99.23,112.017,101.621,100.164,102.252,101.952,101.003,101.172,104.05,102.286,98.593
2010-06,101.447,105.734,95.707,92.825,100.315,100.149,99.565,111.167,101.806,100.204,102.511,102.051,101.322,101.353,104.324,102.413,98.35
2010-07,101.569,105.992,95.286,92.174,99.74,100.223,99.406,113.331,101.912,100.283,102.599,102.255,101.501,101.31,104.458,102.629,98.954
2010-08,101.713,106.245,95.007,91.989,100.518,100.301,99.352,115.118,102.172,100.318,102.77,102.032,101.558,101.51,104.521,102.726,99.16
2010-09,101.807,106.287,94.832,91.652,100.732,100.548,99.059,116.759,102.263,100.331,102.979,101.876,101.24,101.746,104.401,102.967,98.95
2010-10,102.045,106.241,94.774,91.241,100.337,100.646,98.79,122.942,102.221,100.362,103.111,102.259,101.337,101.825,104.907,102.945,99.366
2010-11,102.211,106.278,93.866,90.853,101.504,100.808,98.624,125.857,102.34,100.394,103.231,102.607,101.537,101.925,105.233,103.05,99.459
2010-12,102.455,106.315,93.757,89.555,102.076,100.919,98.744,133.872,102.442,100.576,103.3,102.9,101.521,102.164,104.799,102.982,99.755
2011-01,102.685,106.536,94.175,89.069,102.297,101.5,99.189,136.354,102.569,100.668,103.292,103.382,101.799,102.345,105.019,103.151,99.941
2011-02,102.966,107.062,94.193,89.091,102.537,102.152,99.136,138.695,102.787,100.881,103.585,103.56,101.995,102.426,105.065,103.382,99.827
2011-03,103.356,107.394,93.851,88.558,102.703,103.052,99.054,145.4,102.931,101.043,103.782,104.249,102.172,102.794,105.454,103.462,99.661
2011-04,103.808,108.144,94.11,88.184,103.644,103.459,99.063,152.376,103.235,101.208,104.045,104.217,102.337,103.119,106.141,103.73,99.648
2011-05,104.144,109.04,94.487,87.411,103.609,103.93,100.113,155.177,103.315,101.399,104.243,104.754,102.884,103.476,106.242,103.944,100.418
2011-06,104.179,109.742,94.751,86.942,103.66,104.15,100.77,151.749,103.43,101.485,104.412,104.609,102.874,103.983,106.312,104.026,99.786
2011-07,104.38,109.821,94.651,86.684,103.682,104.579,101.588,152.153,103.476,101.727,104.518,104.694,102.77,104.377,106.588,104.213,100.285
2011-08,104.618,109.877,94.803,85.829,103.945,105.16,102.903,152.125,103.579,101.963,104.698,104.932,103.093,104.554,106.961,104.684,99.941
2011-09,104.787,109.835,94.141,85.329,103.564,105.69,102.263,154.138,103.932,102.179,104.914,105.425,103.175,104.631,107.164,104.788,99.528
2011-10,104.851,109.72,94.192,84.822,104.695,105.844,102.552,151.805,104.069,102.325,104.907,105.678,103.213,104.657,107.572,104.944,100.095
2011-11,104.999,109.816,93.763,84.54,104.509,105.797,103.316,152.449,104.31,102.406,105.054,105.68,103.46,104.999,107.684,105.121,100.807
2011-12,105.018,109.738,93.781,84.107,104.442,106.003,103.123,149.008,104.456,102.545,105.348,105.913,104.016,105.168,107.925,105.314,99.27
2012-01,105.325,109.804,94.13,83.758,105.005,106.27,103.511,151.038,104.651,102.616,105.417,106.26,104.797,105.512,108.872,105.525,100.216
2012-02,105.56,109.625,94.399,83.451,105.011,106.268,103.279,155.91,104.825,102.669,105.569,106.332,104.556,105.864,109.785,105.828,99.124
2012-03,105.804,110.026,94.205,82.844,104.956,106.489,104.033,158.287,105.198,102.795,105.703,106.511,104.911,106.0,110.202,105.949,99.606
2012-04,105.943,110.209,94.285,82.42,104.228,106.561,104.673,157.48,105.166,102.979,105.95,106.746,105.008,106.282,110.592,106.161,99.89
2012-05,105.868,110.268,94.223,82.115,104.344,106.449,104.984,151.222,105.043,103.043,106.157,106.815,105.108,106.594,110.95,106.447,99.389
2012-06,105.844,110.217,94.189,81.536,104.239,106.657,104.646,145.17,105.281,103.196,106.236,106.995,105.718,107.04,111.394,106.558,99.39
2012-07,105.88,110.302,94.501,81.245,102.935,106.629,104.658,143.28,105.475,103.317,106.485,106.808,105.788,106.96,112.149,106.549,98.945
2012-08,106.238,110.234,94.009,80.719,103.939,106.688,103.969,154.218,105.552,103.615,106.642,106.798,106.058,107.135,112.397,106.42,98.744
2012-09,106.576,110.195,93.454,80.384,104.236,106.665,104.708,162.95,105.636,103.858,106.744,106.779,106.24,107.39,112.498,106.534,98.949
2012-10,106.886,110.305,93.547,79.968,104.197,106.918,105.491,165.159,105.725,104.133,106.796,106.995,106.399,107.54,113.638,106.859,99.918
2012-11,106.768,110.517,93.634,79.691,103.902,107.155,105.368,155.676,105.698,104.397,106.816,106.983,106.432,107.655,114.049,107.163,100.196
2012-12,106.758,110.768,93.277,79.288,103.892,107.377,105.286,152.353,105.231,104.577,107.144,107.356,106.555,107.722,114.325,107.295,99.557
2013-01,106.956,110.85,93.52,78.955,104.088,107.51,106.024,151.687,105.407,104.752,107.386,107.962,106.746,107.888,114.659,107.701,99.588
2013-02,107.365,110.725,93.44,78.662,104.334,107.677,106.146,162.175,105.221,105.0,107.582,108.008,107.088,108.046,115.002,107.956,99.755
2013-03,107.232,110.698,93.032,78.26,104.26,107.777,105.005,153.682,105.481,105.143,107.808,108.072,106.855,108.161,115.354,108.411,99.712
2013-04,107.138,110.549,92.883,77.564,104.469,107.914,104.887,146.547,105.653,105.46,107.328,107.602,106.691,108.551,116.283,108.379,101.883
2013-05,107.185,110.475,92.799,77.453,104.402,107.613,104.967,144.224,105.457,105.809,107.522,107.667,107.014,108.825,116.602,108.549,101.626
2013-06,107.366,110.543,92.661,77.131,104.54,107.862,105.063,145.546,105.506,105.974,107.712,107.877,107.203,109.031,117.063,108.681,101.735
2013-07,107.48,110.646,91.855,76.855,104.448,107.951,105.626,146.211,105.559,106.094,107.826,108.418,107.358,109.351,117.421,108.644,101.638
2013-08,107.633,110.774,91.38,76.413,103.872,108.07,105.577,147.871,105.829,106.29,107.757,108.584,107.65,109.369,118.137,108.862,101.994
2013-09,107.762,110.951,91.152,76.063,103.781,107.998,105.374,148.674,105.851,106.544,107.972,108.704,107.955,109.332,118.462,109.034,102.158
2013-10,107.914,110.947,91.056,75.845,103.653,107.969,105.038,148.065,106.047,106.761,108.31,108.809,108.034,109.145,119.551,109.436,101.507
2013-11,108.078,110.981,90.769,75.691,103.406,107.841,105.251,148.804,106.095,106.985,108.422,108.492,108.36,109.714,120.142,109.613,101.829
2013-12,108.275,111.03,90.192,75.345,103.12,107.96,106.227,151.896,105.614,107.234,108.469,109.563,108.425,109.836,120.473,109.736,102.812
2014-01,108.537,110.892,90.373,75.191,102.686,108.109,105.938,155.035,105.969,107.638,108.591,108.856,108.869,110.011,121.014,109.834,103.437
2014-02,108.622,110.855,90.075,74.806,102.455,108.353,105.395,154.484,106.236,107.935,108.693,108.767,109.004,110.326,121.044,109.971,103.468
2014-03,108.802,110.741,89.543,74.598,102.682,108.838,105.528,150.541,106.266,108.51,108.831,109.24,109.022,110.814,121.937,110.14,104.099
2014-04,109.0,110.977,89.067,74.692,102.386,109.17,105.686,152.763,106.428,108.473,108.861,109.393,109.27,111.183,122.522,110.334,104.615
2014-05,109.152,110.921,88.679,74.081,102.361,109.727,105.932,149.383,106.773,108.836,109.011,109.46,109.351,111.776,123.342,110.468,104.681
2014-06,109.256,110.753,88.824,73.88,102.213,109.738,106.089,149.176,107.162,109.007,109.185,109.457,109.525,111.649,123.401,110.722,104.652
2014-07,109.44,110.902,88.809,73.428,102.427,109.988,106.067,149.311,107.284,109.261,109.206,109.526,109.834,112.054,124.069,110.884,105.313
2014-08,109.413,110.99,88.513,73.144,102.372,110.323,105.465,145.637,107.098,109.405,109.341,109.484,109.573,112.335,124.377,111.084,105.456
2014-09,109.514,110.878,88.398,72.775,102.254,110.506,105.715,144.582,107.369,109.576,109.46,109.655,109.602,112.654,124.753,111.175,105.46
2014-10,109.508,110.851,88.538,72.638,101.848,110.512,105.659,141.017,107.65,109.788,109.105,109.863,109.754,112.948,124.725,111.174,107.758
2014-11,109.435,110.653,87.928,72.115,101.256,110.764,105.13,134.192,107.62,110.022,109.339,110.122,109.633,113.349,125.389,111.204,107.982
2014-12,109.21,110.663,87.269,71.358,101.179,111.069,104.391,121.315,108.073,110.349,109.423,110.259,109.685,113.632,125.598,111.377,107.669
2015-01,108.762,110.402,87.253,71.316,100.644,110.911,104.571,103.186,107.977,110.593,109.126,109.832,109.988,113.911,125.552,111.613,108.492
2015-02,108.944,110.859,87.338,71.276,100.708,110.957,104.447,106.583,108.038,110.873,109.28,109.465,110.162,114.108,125.65,111.455,108.29
2015-03,109.134,110.884,87.172,70.916,100.364,110.716,104.997,109.521,108.113,110.982,109.387,109.555,110.434,114.365,126.547,111.451,108.743
2015-04,109.177,110.96,87.72,70.784,99.953,110.545,104.83,106.805,108.215,111.226,109.565,109.754,110.69,114.695,126.648,111.477,108.601
2015-05,109.429,111.169,87.214,70.613,99.788,110.523,104.279,112.45,108.491,111.373,109.609,109.984,111.075,114.684,127.259,111.501,109.632
2015-06,109.623,111.145,86.902,70.393,99.608,110.824,103.97,113.827,108.448,111.723,109.701,109.974,111.496,114.426,127.995,111.932,110.14
2015-07,109.779,111.051,86.725,70.029,99.917,111.023,104.169,115.361,108.469,111.918,109.83,109.974,111.681,114.866,128.45,111.898,110.003
2015-08,109.779,110.795,86.496,69.922,99.145,111.18,104.532,111.128,108.427,112.209,109.98,109.688,111.733,114.965,128.867,112.062,110.276
2015-09,109.727,110.928,86.678,70.106,99.035,111.317,104.279,102.5,108.584,112.459,110.077,110.065,111.582,115.663,128.925,112.407,109.971
2015-10,109.757,110.581,86.464,69.765,99.241,111.439,103.621,101.876,108.695,112.687,109.938,110.261,111.854,115.933,128.774,112.598,110.865
2015-11,109.87,110.708,85.726,69.841,98.273,111.141,103.71,102.033,108.767,112.906,110.06,110.206,111.878,116.239,129.72,112.858,110.609
2015-12,109.794,110.441,85.563,69.458,98.595,110.824,103.627,96.68,108.689,113.111,110.182,110.149,112.001,116.278,130.366,112.967,110.796
2016-01,109.976,110.642,86.11,68.949,99.745,110.73,103.833,94.28,108.876,113.34,110.201,110.676,112.341,116.792,131.431,113.118,111.416
2016-02,109.936,110.156,85.489,68.571,101.199,110.884,104.816,85.078,109.226,113.621,110.389,110.713,112.643,117.112,131.76,113.054,112.195
2016-03,110.044,110.429,85.416,68.056,100.141,110.436,104.087,86.849,109.305,113.876,110.432,110.971,113.049,117.132,132.707,113.234,112.043
2016-04,110.39,110.106,85.289,68.105,100.749,110.59,103.868,91.691,109.487,114.211,110.594,111.124,113.453,117.319,133.579,113.332,112.858
2016-05,110.562,109.727,85.032,67.239,102.188,110.084,104.253,92.984,109.273,114.594,110.843,110.935,113.679,117.681,134.596,113.589,112.84
2016-06,110.714,109.538,84.487,66.656,101.278,109.857,103.98,95.816,109.517,114.871,110.901,111.461,114.245,117.935,135.261,113.637,112.746
2016-07,110.833,109.399,84.296,66.604,100.412,109.734,104.057,92.912,109.762,115.231,111.16,111.767,114.275,117.853,136.03,114.043,113.163
2016-08,111.035,109.321,84.018,66.47,101.295,109.582,104.087,92.223,110.527,115.603,111.29,111.407,114.354,118.308,136.55,114.019,114.079
2016-09,111.235,109.404,83.821,65.877,100.491,109.476,103.677,96.158,111.114,116.001,111.403,110.435,114.678,118.58,136.873,114.124,114.178
2016-10,111.471,109.121,84.078,65.389,100.862,109.45,103.912,100.76,110.888,116.372,111.519,110.605,114.67,118.897,137.533,114.066,114.635
2016-11,111.537,108.793,83.193,64.893,101.043,109.217,103.612,102.516,110.611,116.714,111.66,111.529,114.813,118.896,137.617,114.188,114.857
2016-12,111.74,109.242,82.947,64.657,100.704,109.086,103.209,105.185,110.823,117.043,111.738,112.313,114.915,119.197,137.745,114.232,115.643
2017-01,112.212,109.803,84.003,65.079,100.93,109.099,104.62,112.827,110.948,117.353,111.888,112.451,115.667,119.532,137.659,114.311,116.113
2017-02,112.329,109.406,83.751,64.879,102.584,109.26,105.171,109.771,111.009,117.729,111.962,112.936,116.454,119.849,137.584,114.121,117.565
2017-03,112.053,109.022,83.266,64.397,101.787,109.672,104.495,103.674,110.996,117.906,112.156,111.795,116.319,119.608,137.623,113.636,116.35
2017-04,112.302,108.765,82.887,64.107,102.27,109.96,103.746,104.809,111.029,118.27,112.238,112.852,116.365,120.183,138.83,113.444,117.994
2017-05,112.236,108.647,82.646,63.966,101.437,109.945,102.953,98.551,110.975,118.598,112.41,112.798,116.415,120.425,139.614,113.687,117.312
2017-06,112.282,108.279,82.245,64.084,100.926,109.792,103.014,95.842,111.224,118.856,112.559,113.341,116.411,120.136,140.252,113.961,117.235
2017-07,112.39,107.999,81.781,64.373,100.267,109.979,103.429,95.841,111.663,119.109,112.575,112.885,116.998,119.565,140.16,114.421,117.683
2017-08,112.629,107.99,81.874,63.927,100.507,109.953,103.472,101.375,111.454,119.476,112.592,112.74,117.546,120.641,140.547,113.965,117.95
2017-09,113.077,107.895,81.292,63.659,100.872,109.961,103.23,113.769,111.404,119.712,112.776,113.454,117.804,121.13,140.713,114.254,118.903
2017-10,113.243,107.869,81.113,63.612,101.087,110.013,103.098,111.359,111.351,120.095,113.239,114.064,117.791,121.427,141.913,114.48,117.452
2017-11,113.515,108.125,80.895,63.07,100.926,109.884,101.574,119.101,111.379,120.448,113.363,114.47,118.071,121.36,142.517,114.648,118.35
2017-12,113.64,108.924,80.533,62.693,100.321,109.943,101.148,116.432,111.694,120.865,113.439,113.51,118.305,121.833,143.506,114.807,118.954
